	ID	chrom	loc.start	loc.end	num.mark	seg.mean
0	TCGA-AG-3890-01A-01D-1115-02	1	10001	567137	0	0.0379
1	TCGA-AG-3890-01A-01D-1115-02	1	567138	570137	0	1.6021
2	TCGA-AG-3890-01A-01D-1115-02	1	570138	839137	0	-0.0225
3	TCGA-AG-3890-01A-01D-1115-02	1	839138	1577137	0	-0.4467
4	TCGA-AG-3890-01A-01D-1115-02	1	1578138	1829140	0	-0.0485
5	TCGA-AG-3890-01A-01D-1115-02	1	1829141	3655140	0	-0.425
6	TCGA-AG-3890-01A-01D-1115-02	1	3655141	4680140	0	-0.1844
7	TCGA-AG-3890-01A-01D-1115-02	1	4680141	4839140	0	-0.4579
8	TCGA-AG-3890-01A-01D-1115-02	1	4839141	6722413	0	-0.1883
9	TCGA-AG-3890-01A-01D-1115-02	1	6722414	6944413	0	0.0646
10	TCGA-AG-3890-01A-01D-1115-02	1	6944414	7773413	0	-0.2217
11	TCGA-AG-3890-01A-01D-1115-02	1	7773414	9324413	0	-0.0084
12	TCGA-AG-3890-01A-01D-1115-02	1	9324414	10670413	0	-0.3259
13	TCGA-AG-3890-01A-01D-1115-02	1	10670414	11001413	0	-0.6341
14	TCGA-AG-3890-01A-01D-1115-02	1	11001414	11469413	0	-0.3512
15	TCGA-AG-3890-01A-01D-1115-02	1	11469414	12293413	0	-0.5295
16	TCGA-AG-3890-01A-01D-1115-02	1	12293414	16701413	0	-0.3942
17	TCGA-AG-3890-01A-01D-1115-02	1	16701414	19292413	0	-0.5043
18	TCGA-AG-3890-01A-01D-1115-02	1	19292414	22427413	0	-0.3884
19	TCGA-AG-3890-01A-01D-1115-02	1	22427414	23300413	0	-0.5469
20	TCGA-AG-3890-01A-01D-1115-02	1	23300414	24397413	0	-0.2928
21	TCGA-AG-3890-01A-01D-1115-02	1	24397414	24916413	0	-0.4648
22	TCGA-AG-3890-01A-01D-1115-02	1	24916414	25177413	0	-0.2342
23	TCGA-AG-3890-01A-01D-1115-02	1	25177414	25452413	0	-0.6168
24	TCGA-AG-3890-01A-01D-1115-02	1	25452414	25591413	0	-0.2897
25	TCGA-AG-3890-01A-01D-1115-02	1	25592414	25661413	0	-1.6432
26	TCGA-AG-3890-01A-01D-1115-02	1	25662414	27917413	0	-0.3998
27	TCGA-AG-3890-01A-01D-1115-02	1	27917414	29441413	0	-0.27
28	TCGA-AG-3890-01A-01D-1115-02	1	29441414	31390413	0	-0.527
29	TCGA-AG-3890-01A-01D-1115-02	1	31390414	32077413	0	-0.2885
30	TCGA-AG-3890-01A-01D-1115-02	1	32077414	32284413	0	-0.6519
31	TCGA-AG-3890-01A-01D-1115-02	1	32284414	33032413	0	-0.2996
32	TCGA-AG-3890-01A-01D-1115-02	1	33032414	33033413	0	-2.5904
33	TCGA-AG-3890-01A-01D-1115-02	1	33033414	33537413	0	-0.2849
34	TCGA-AG-3890-01A-01D-1115-02	1	33537414	35399413	0	-0.4493
35	TCGA-AG-3890-01A-01D-1115-02	1	35399414	36549413	0	-0.2385
36	TCGA-AG-3890-01A-01D-1115-02	1	36549414	39186413	0	-0.4662
37	TCGA-AG-3890-01A-01D-1115-02	1	39186414	40863413	0	-0.322
38	TCGA-AG-3890-01A-01D-1115-02	1	40863414	41722413	0	-0.0164
39	TCGA-AG-3890-01A-01D-1115-02	1	41722414	42304413	0	-0.2911
40	TCGA-AG-3890-01A-01D-1115-02	1	42304414	44674413	0	-0.057
41	TCGA-AG-3890-01A-01D-1115-02	1	44674414	45302413	0	-0.1646
42	TCGA-AG-3890-01A-01D-1115-02	1	45302414	46866413	0	0.0379
43	TCGA-AG-3890-01A-01D-1115-02	1	46866414	47010413	0	-0.3141
44	TCGA-AG-3890-01A-01D-1115-02	1	47010414	47868413	0	-0.0299
45	TCGA-AG-3890-01A-01D-1115-02	1	47868414	48547413	0	-0.2652
46	TCGA-AG-3890-01A-01D-1115-02	1	48547414	53525412	0	-0.0273
47	TCGA-AG-3890-01A-01D-1115-02	1	53525413	53969412	0	-0.1836
48	TCGA-AG-3890-01A-01D-1115-02	1	53969413	54006412	0	-0.7233
49	TCGA-AG-3890-01A-01D-1115-02	1	54006413	54219412	0	-0.2852
50	TCGA-AG-3890-01A-01D-1115-02	1	54219413	91849412	0	-0.0469
51	TCGA-AG-3890-01A-01D-1115-02	1	91849413	91860412	0	-0.4935
52	TCGA-AG-3890-01A-01D-1115-02	1	91860413	109597477	0	-0.0243
53	TCGA-AG-3890-01A-01D-1115-02	1	109597478	109598477	0	-3.9618
54	TCGA-AG-3890-01A-01D-1115-02	1	109598478	111208477	0	-0.1227
55	TCGA-AG-3890-01A-01D-1115-02	1	111208478	112182477	0	-0.0017
56	TCGA-AG-3890-01A-01D-1115-02	1	112182478	112890477	0	-0.1377
57	TCGA-AG-3890-01A-01D-1115-02	1	112890478	114606477	0	0.017
58	TCGA-AG-3890-01A-01D-1115-02	1	114606478	114682477	0	-0.3507
59	TCGA-AG-3890-01A-01D-1115-02	1	114682478	121342477	0	-0.042
60	TCGA-AG-3890-01A-01D-1115-02	1	121342478	121477477	0	0.3773
61	TCGA-AG-3890-01A-01D-1115-02	1	121477478	121484477	0	0.593
63	TCGA-AG-3890-01A-01D-1115-02	1	142535478	143964643	0	-0.1389
64	TCGA-AG-3890-01A-01D-1115-02	1	143965644	151366376	0	-0.0216
65	TCGA-AG-3890-01A-01D-1115-02	1	151366377	151367376	0	-2.1695
66	TCGA-AG-3890-01A-01D-1115-02	1	151367377	154631376	0	-0.051
67	TCGA-AG-3890-01A-01D-1115-02	1	154631377	155321376	0	-0.188
68	TCGA-AG-3890-01A-01D-1115-02	1	155321377	155874376	0	0.1366
69	TCGA-AG-3890-01A-01D-1115-02	1	155874377	156185376	0	-0.0803
70	TCGA-AG-3890-01A-01D-1115-02	1	156185377	156187376	0	-1.5164
71	TCGA-AG-3890-01A-01D-1115-02	1	156187377	170219376	0	-0.0558
72	TCGA-AG-3890-01A-01D-1115-02	1	170219377	170318376	0	-0.5136
73	TCGA-AG-3890-01A-01D-1115-02	1	170318377	174938377	0	-0.0096
74	TCGA-AG-3890-01A-01D-1115-02	1	174938378	175892377	0	-0.1912
75	TCGA-AG-3890-01A-01D-1115-02	1	175892378	176378377	0	0.0353
76	TCGA-AG-3890-01A-01D-1115-02	1	176378378	177951377	0	-0.1095
77	TCGA-AG-3890-01A-01D-1115-02	1	177951378	180085377	0	0.0155
78	TCGA-AG-3890-01A-01D-1115-02	1	180085378	180267377	0	-0.3072
79	TCGA-AG-3890-01A-01D-1115-02	1	180267378	180861377	0	0.0228
80	TCGA-AG-3890-01A-01D-1115-02	1	180861378	181771377	0	-0.174
81	TCGA-AG-3890-01A-01D-1115-02	1	181771378	200830377	0	-0.0543
82	TCGA-AG-3890-01A-01D-1115-02	1	200830378	201724377	0	-0.245
83	TCGA-AG-3890-01A-01D-1115-02	1	201724378	202988377	0	-0.0797
84	TCGA-AG-3890-01A-01D-1115-02	1	202988378	203504377	0	-0.2184
85	TCGA-AG-3890-01A-01D-1115-02	1	203504378	204081377	0	-0.0328
86	TCGA-AG-3890-01A-01D-1115-02	1	204081378	207259377	0	-0.1752
87	TCGA-AG-3890-01A-01D-1115-02	1	207259378	207968377	0	0.001
88	TCGA-AG-3890-01A-01D-1115-02	1	207968378	209775377	0	-0.1452
89	TCGA-AG-3890-01A-01D-1115-02	1	209775378	209802377	0	-0.6175
90	TCGA-AG-3890-01A-01D-1115-02	1	209802378	224793377	0	-0.079
91	TCGA-AG-3890-01A-01D-1115-02	1	224793378	225119377	0	-0.2226
92	TCGA-AG-3890-01A-01D-1115-02	1	225119378	226509377	0	-0.0174
93	TCGA-AG-3890-01A-01D-1115-02	1	226509378	227175377	0	-0.2159
94	TCGA-AG-3890-01A-01D-1115-02	1	227175378	227936377	0	-0.024
95	TCGA-AG-3890-01A-01D-1115-02	1	227936378	227989377	0	-0.5381
96	TCGA-AG-3890-01A-01D-1115-02	1	227989378	228071377	0	0.0187
97	TCGA-AG-3890-01A-01D-1115-02	1	228071378	228524377	0	-0.2928
98	TCGA-AG-3890-01A-01D-1115-02	1	228524378	228564377	0	-0.7353
99	TCGA-AG-3890-01A-01D-1115-02	1	228564378	235148377	0	-0.1229
100	TCGA-AG-3890-01A-01D-1115-02	1	235148378	249233096	0	-0.0748
101	TCGA-AG-3890-01A-01D-1115-02	2	10001	8838549	0	-0.177
102	TCGA-AG-3890-01A-01D-1115-02	2	8838550	10137549	0	-0.0759
103	TCGA-AG-3890-01A-01D-1115-02	2	10137550	10579549	0	-0.2556
104	TCGA-AG-3890-01A-01D-1115-02	2	10579550	15775549	0	-0.0772
105	TCGA-AG-3890-01A-01D-1115-02	2	15775550	16000549	0	-0.3078
106	TCGA-AG-3890-01A-01D-1115-02	2	16000550	18369519	0	-0.081
107	TCGA-AG-3890-01A-01D-1115-02	2	18369520	19736519	0	-0.6896
108	TCGA-AG-3890-01A-01D-1115-02	2	19736520	20727519	0	-0.1256
109	TCGA-AG-3890-01A-01D-1115-02	2	20727520	20884519	0	-0.3758
110	TCGA-AG-3890-01A-01D-1115-02	2	20884520	23607495	0	-0.091
111	TCGA-AG-3890-01A-01D-1115-02	2	23607496	23932496	0	-0.3187
112	TCGA-AG-3890-01A-01D-1115-02	2	23932497	25042496	0	0.0437
113	TCGA-AG-3890-01A-01D-1115-02	2	25042497	25761496	0	-0.1138
114	TCGA-AG-3890-01A-01D-1115-02	2	25761497	26676496	0	0.0566
115	TCGA-AG-3890-01A-01D-1115-02	2	26676497	26947496	0	-0.3137
116	TCGA-AG-3890-01A-01D-1115-02	2	26947497	28930496	0	-0.0549
117	TCGA-AG-3890-01A-01D-1115-02	2	28930497	29172496	0	0.1042
118	TCGA-AG-3890-01A-01D-1115-02	2	29172497	31630496	0	-0.1487
119	TCGA-AG-3890-01A-01D-1115-02	2	31630497	35233496	0	-0.0092
120	TCGA-AG-3890-01A-01D-1115-02	2	35233497	35297496	0	-0.7804
121	TCGA-AG-3890-01A-01D-1115-02	2	35297497	44921496	0	-0.0329
122	TCGA-AG-3890-01A-01D-1115-02	2	44921497	47194496	0	-0.1247
123	TCGA-AG-3890-01A-01D-1115-02	2	47194497	47314496	0	-0.4341
124	TCGA-AG-3890-01A-01D-1115-02	2	47314497	58477496	0	-0.0443
125	TCGA-AG-3890-01A-01D-1115-02	2	58477497	60778496	0	-0.1012
126	TCGA-AG-3890-01A-01D-1115-02	2	60778497	71673492	0	-0.0324
127	TCGA-AG-3890-01A-01D-1115-02	2	71673493	72389492	0	-0.2592
128	TCGA-AG-3890-01A-01D-1115-02	2	72389493	73143492	0	0.0366
129	TCGA-AG-3890-01A-01D-1115-02	2	73143493	73501492	0	-0.239
130	TCGA-AG-3890-01A-01D-1115-02	2	73501493	73881492	0	0.0541
131	TCGA-AG-3890-01A-01D-1115-02	2	73881493	73887492	0	1.0517
132	TCGA-AG-3890-01A-01D-1115-02	2	73887493	80458489	0	-0.0622
133	TCGA-AG-3890-01A-01D-1115-02	2	80458490	80459489	0	-1.9558
134	TCGA-AG-3890-01A-01D-1115-02	2	80459490	90320695	0	-0.0599
136	TCGA-AG-3890-01A-01D-1115-02	2	91626274	92269273	0	-0.1168
137	TCGA-AG-3890-01A-01D-1115-02	2	92269274	92280273	0	0.6156
138	TCGA-AG-3890-01A-01D-1115-02	2	92280274	92302273	0	1.1079
139	TCGA-AG-3890-01A-01D-1115-02	2	92302274	92307273	0	0.6515
140	TCGA-AG-3890-01A-01D-1115-02	2	92307274	92314273	0	1.1155
141	TCGA-AG-3890-01A-01D-1115-02	2	92314274	92319273	0	0.6581
142	TCGA-AG-3890-01A-01D-1115-02	2	92319274	92326171	0	1.0602
143	TCGA-AG-3890-01A-01D-1115-02	2	95326171	95932273	0	0.0946
144	TCGA-AG-3890-01A-01D-1115-02	2	95932274	95998273	0	-0.3468
145	TCGA-AG-3890-01A-01D-1115-02	2	95998274	99560568	0	0.1173
146	TCGA-AG-3890-01A-01D-1115-02	2	99560569	100158568	0	0.2747
147	TCGA-AG-3890-01A-01D-1115-02	2	100158569	109522568	0	0.1276
148	TCGA-AG-3890-01A-01D-1115-02	2	109522569	110268718	0	-0.032
149	TCGA-AG-3890-01A-01D-1115-02	2	110268719	119220530	0	0.1314
150	TCGA-AG-3890-01A-01D-1115-02	2	119220531	120200530	0	-3e-04
151	TCGA-AG-3890-01A-01D-1115-02	2	120200531	121048530	0	0.1823
152	TCGA-AG-3890-01A-01D-1115-02	2	121048531	121976530	0	-0.1287
153	TCGA-AG-3890-01A-01D-1115-02	2	121976531	127264530	0	0.135
154	TCGA-AG-3890-01A-01D-1115-02	2	127264531	127866530	0	-0.0032
155	TCGA-AG-3890-01A-01D-1115-02	2	127866531	128337530	0	0.1457
156	TCGA-AG-3890-01A-01D-1115-02	2	128337531	128433530	0	-0.271
157	TCGA-AG-3890-01A-01D-1115-02	2	128433531	129017530	0	0.2246
158	TCGA-AG-3890-01A-01D-1115-02	2	129017531	129216530	0	-0.1707
159	TCGA-AG-3890-01A-01D-1115-02	2	129216531	132685530	0	0.0446
160	TCGA-AG-3890-01A-01D-1115-02	2	132685531	133011530	0	0.2385
161	TCGA-AG-3890-01A-01D-1115-02	2	133011531	133039530	0	-0.5155
162	TCGA-AG-3890-01A-01D-1115-02	2	133039531	133123530	0	0.4474
163	TCGA-AG-3890-01A-01D-1115-02	2	133123531	135756530	0	0.0694
164	TCGA-AG-3890-01A-01D-1115-02	2	135756531	136817530	0	0.2116
165	TCGA-AG-3890-01A-01D-1115-02	2	136817531	151030754	0	0.1212
166	TCGA-AG-3890-01A-01D-1115-02	2	151030755	151034754	0	-1.7099
167	TCGA-AG-3890-01A-01D-1115-02	2	151034755	176936754	0	0.1437
168	TCGA-AG-3890-01A-01D-1115-02	2	176936755	177055754	0	-0.313
169	TCGA-AG-3890-01A-01D-1115-02	2	177055755	202657755	0	0.1601
170	TCGA-AG-3890-01A-01D-1115-02	2	202657756	202930755	0	0.0145
171	TCGA-AG-3890-01A-01D-1115-02	2	202930756	204248755	0	0.2482
172	TCGA-AG-3890-01A-01D-1115-02	2	204248756	205490755	0	0.1189
173	TCGA-AG-3890-01A-01D-1115-02	2	205490756	205900755	0	-0.0419
174	TCGA-AG-3890-01A-01D-1115-02	2	205900756	217494755	0	0.1368
175	TCGA-AG-3890-01A-01D-1115-02	2	217494756	219295756	0	0.0225
176	TCGA-AG-3890-01A-01D-1115-02	2	219295757	219432756	0	0.3454
177	TCGA-AG-3890-01A-01D-1115-02	2	219432757	220297756	0	0.0674
178	TCGA-AG-3890-01A-01D-1115-02	2	220297757	220417756	0	-0.3229
179	TCGA-AG-3890-01A-01D-1115-02	2	220417757	223124756	0	0.0613
180	TCGA-AG-3890-01A-01D-1115-02	2	223124757	223125756	0	-2.0848
181	TCGA-AG-3890-01A-01D-1115-02	2	223125757	230450756	0	0.1434
182	TCGA-AG-3890-01A-01D-1115-02	2	230450757	230451756	0	-2.1883
183	TCGA-AG-3890-01A-01D-1115-02	2	230451757	233177756	0	0.1551
184	TCGA-AG-3890-01A-01D-1115-02	2	233177757	233415756	0	-0.166
185	TCGA-AG-3890-01A-01D-1115-02	2	233415757	233733756	0	0.2345
186	TCGA-AG-3890-01A-01D-1115-02	2	233733757	239005261	0	0.0472
187	TCGA-AG-3890-01A-01D-1115-02	2	239005262	239082261	0	-0.355
188	TCGA-AG-3890-01A-01D-1115-02	2	239082262	239957063	0	0.0226
189	TCGA-AG-3890-01A-01D-1115-02	2	239957064	242221327	0	-0.1175
190	TCGA-AG-3890-01A-01D-1115-02	2	242221328	243102327	0	0.071
191	TCGA-AG-3890-01A-01D-1115-02	3	60001	10359000	0	-0.0982
192	TCGA-AG-3890-01A-01D-1115-02	3	10359001	11118000	0	-0.3215
193	TCGA-AG-3890-01A-01D-1115-02	3	11118001	12903000	0	-0.0637
194	TCGA-AG-3890-01A-01D-1115-02	3	12903001	13933999	0	-0.3151
195	TCGA-AG-3890-01A-01D-1115-02	3	13934000	14315996	0	-0.0553
196	TCGA-AG-3890-01A-01D-1115-02	3	14315997	14964996	0	-0.2487
197	TCGA-AG-3890-01A-01D-1115-02	3	14964997	22738996	0	-0.0564
198	TCGA-AG-3890-01A-01D-1115-02	3	22738997	22739996	0	-1.6447
199	TCGA-AG-3890-01A-01D-1115-02	3	22739997	32600996	0	-0.0751
200	TCGA-AG-3890-01A-01D-1115-02	3	32600997	32602996	0	-1.337
201	TCGA-AG-3890-01A-01D-1115-02	3	32602997	41434996	0	-0.0738
202	TCGA-AG-3890-01A-01D-1115-02	3	41434997	41757996	0	-0.6562
203	TCGA-AG-3890-01A-01D-1115-02	3	41757997	46842996	0	-0.0881
204	TCGA-AG-3890-01A-01D-1115-02	3	46842997	47064996	0	-0.2685
205	TCGA-AG-3890-01A-01D-1115-02	3	47064997	48243996	0	0.0454
206	TCGA-AG-3890-01A-01D-1115-02	3	48243997	48244996	0	-1.7227
207	TCGA-AG-3890-01A-01D-1115-02	3	48244997	48719996	0	-0.1583
208	TCGA-AG-3890-01A-01D-1115-02	3	48719997	49671996	0	-0.0099
209	TCGA-AG-3890-01A-01D-1115-02	3	49671997	49786996	0	-0.3992
210	TCGA-AG-3890-01A-01D-1115-02	3	49786997	50157996	0	-0.0161
211	TCGA-AG-3890-01A-01D-1115-02	3	50157997	50735996	0	-0.3239
212	TCGA-AG-3890-01A-01D-1115-02	3	50735997	51700960	0	0.0323
213	TCGA-AG-3890-01A-01D-1115-02	3	51700961	51758960	0	-0.4057
214	TCGA-AG-3890-01A-01D-1115-02	3	51758961	51972960	0	-0.031
215	TCGA-AG-3890-01A-01D-1115-02	3	51972961	52575960	0	-0.3416
216	TCGA-AG-3890-01A-01D-1115-02	3	52575961	52805960	0	0.0722
217	TCGA-AG-3890-01A-01D-1115-02	3	52805961	53311960	0	-0.1703
218	TCGA-AG-3890-01A-01D-1115-02	3	53311961	53527960	0	0.1202
219	TCGA-AG-3890-01A-01D-1115-02	3	53527961	56422960	0	-0.1635
220	TCGA-AG-3890-01A-01D-1115-02	3	56422961	59902960	0	-0.0551
221	TCGA-AG-3890-01A-01D-1115-02	3	59902961	60796960	0	-0.2116
222	TCGA-AG-3890-01A-01D-1115-02	3	60796961	72038310	0	-0.0904
223	TCGA-AG-3890-01A-01D-1115-02	3	72038311	72370310	0	-0.261
224	TCGA-AG-3890-01A-01D-1115-02	3	72370311	83537310	0	-0.072
225	TCGA-AG-3890-01A-01D-1115-02	3	83537311	83564310	0	-0.5485
226	TCGA-AG-3890-01A-01D-1115-02	3	83564311	90300310	0	-0.0385
228	TCGA-AG-3890-01A-01D-1115-02	3	93517311	122599310	0	-0.0414
229	TCGA-AG-3890-01A-01D-1115-02	3	122599311	122935310	0	-0.204
230	TCGA-AG-3890-01A-01D-1115-02	3	122935311	122983310	0	0.1442
231	TCGA-AG-3890-01A-01D-1115-02	3	122983311	123207310	0	-0.3572
232	TCGA-AG-3890-01A-01D-1115-02	3	123207311	124952310	0	-0.1028
233	TCGA-AG-3890-01A-01D-1115-02	3	124952311	125619310	0	0.0475
234	TCGA-AG-3890-01A-01D-1115-02	3	125619311	126665310	0	-0.2152
235	TCGA-AG-3890-01A-01D-1115-02	3	126665311	126807310	0	-0.5361
236	TCGA-AG-3890-01A-01D-1115-02	3	126807311	128102310	0	-0.2118
237	TCGA-AG-3890-01A-01D-1115-02	3	128102311	128208310	0	-0.5006
238	TCGA-AG-3890-01A-01D-1115-02	3	128208311	129210310	0	-0.1118
239	TCGA-AG-3890-01A-01D-1115-02	3	129210311	129359310	0	-0.4229
240	TCGA-AG-3890-01A-01D-1115-02	3	129359311	129660310	0	0.0353
241	TCGA-AG-3890-01A-01D-1115-02	3	129660311	129832310	0	-0.3297
242	TCGA-AG-3890-01A-01D-1115-02	3	129832311	134328310	0	-0.0629
243	TCGA-AG-3890-01A-01D-1115-02	3	134328311	135303310	0	-0.1897
244	TCGA-AG-3890-01A-01D-1115-02	3	135303311	138064310	0	-0.0106
245	TCGA-AG-3890-01A-01D-1115-02	3	138064311	138189310	0	-0.3053
246	TCGA-AG-3890-01A-01D-1115-02	3	138189311	138608310	0	0.08
247	TCGA-AG-3890-01A-01D-1115-02	3	138608311	140485310	0	-0.1469
248	TCGA-AG-3890-01A-01D-1115-02	3	140485311	146961310	0	-0.0435
249	TCGA-AG-3890-01A-01D-1115-02	3	146961311	147145310	0	-0.2629
250	TCGA-AG-3890-01A-01D-1115-02	3	147145311	181432306	0	-0.0438
251	TCGA-AG-3890-01A-01D-1115-02	3	181432307	181433306	0	-2.1418
252	TCGA-AG-3890-01A-01D-1115-02	3	181433307	194520711	0	-0.0533
253	TCGA-AG-3890-01A-01D-1115-02	3	194520712	194883711	0	-0.2204
254	TCGA-AG-3890-01A-01D-1115-02	3	194883712	197961603	0	-0.0033
255	TCGA-AG-3890-01A-01D-1115-02	4	10001	483000	0	-0.29
256	TCGA-AG-3890-01A-01D-1115-02	4	483001	1844202	0	-0.703
257	TCGA-AG-3890-01A-01D-1115-02	4	1844203	3406202	0	-0.4913
258	TCGA-AG-3890-01A-01D-1115-02	4	3406203	3565202	0	-0.8897
259	TCGA-AG-3890-01A-01D-1115-02	4	3565203	3700202	0	-0.5359
260	TCGA-AG-3890-01A-01D-1115-02	4	3700203	3907202	0	-0.8126
261	TCGA-AG-3890-01A-01D-1115-02	4	3907203	5677099	0	-0.5042
262	TCGA-AG-3890-01A-01D-1115-02	4	5677100	6613099	0	-0.6974
263	TCGA-AG-3890-01A-01D-1115-02	4	6613100	7187099	0	-0.4872
264	TCGA-AG-3890-01A-01D-1115-02	4	7187100	7774100	0	-0.7957
265	TCGA-AG-3890-01A-01D-1115-02	4	7774101	8127100	0	-0.5625
266	TCGA-AG-3890-01A-01D-1115-02	4	8127101	8622100	0	-0.7631
267	TCGA-AG-3890-01A-01D-1115-02	4	8622101	10219902	0	-0.5603
268	TCGA-AG-3890-01A-01D-1115-02	4	10219903	10231902	0	-2.0967
269	TCGA-AG-3890-01A-01D-1115-02	4	10231903	22219902	0	-0.439
270	TCGA-AG-3890-01A-01D-1115-02	4	22219903	34213605	0	0.1665
271	TCGA-AG-3890-01A-01D-1115-02	4	34213606	34476605	0	-0.4989
272	TCGA-AG-3890-01A-01D-1115-02	4	34476606	34585605	0	-1.5985
273	TCGA-AG-3890-01A-01D-1115-02	4	34585606	34609605	0	-0.4729
274	TCGA-AG-3890-01A-01D-1115-02	4	34609606	34621605	0	-1.5798
275	TCGA-AG-3890-01A-01D-1115-02	4	34621606	34778605	0	-0.4374
276	TCGA-AG-3890-01A-01D-1115-02	4	34778606	34813605	0	0.278
277	TCGA-AG-3890-01A-01D-1115-02	4	34813606	34832605	0	-1.5055
278	TCGA-AG-3890-01A-01D-1115-02	4	34832606	38708605	0	-0.422
279	TCGA-AG-3890-01A-01D-1115-02	4	38708606	40210605	0	-0.3207
280	TCGA-AG-3890-01A-01D-1115-02	4	40210606	49093243	0	-0.4049
281	TCGA-AG-3890-01A-01D-1115-02	4	49093244	49159243	0	0.6693
282	TCGA-AG-3890-01A-01D-1115-02	4	49159244	49275243	0	-0.2946
283	TCGA-AG-3890-01A-01D-1115-02	4	49275244	49280243	0	-2.6738
284	TCGA-AG-3890-01A-01D-1115-02	4	49280244	49629243	0	-0.1134
285	TCGA-AG-3890-01A-01D-1115-02	4	49629244	49658243	0	0.7321
287	TCGA-AG-3890-01A-01D-1115-02	4	53694244	54018243	0	0.0261
288	TCGA-AG-3890-01A-01D-1115-02	4	54018244	59296243	0	0.2007
289	TCGA-AG-3890-01A-01D-1115-02	4	59296244	59512243	0	-0.4053
290	TCGA-AG-3890-01A-01D-1115-02	4	59512244	68264405	0	0.1769
291	TCGA-AG-3890-01A-01D-1115-02	4	68264406	68265405	0	-0.224
292	TCGA-AG-3890-01A-01D-1115-02	4	68265406	68267405	0	0.8024
293	TCGA-AG-3890-01A-01D-1115-02	4	68267406	72020136	0	0.2439
294	TCGA-AG-3890-01A-01D-1115-02	4	72020137	76495976	0	0.1918
295	TCGA-AG-3890-01A-01D-1115-02	4	76495977	76496976	0	-1.5472
296	TCGA-AG-3890-01A-01D-1115-02	4	76496977	78144976	0	0.2164
297	TCGA-AG-3890-01A-01D-1115-02	4	78144977	78350976	0	1e-04
298	TCGA-AG-3890-01A-01D-1115-02	4	78350977	87258976	0	0.1947
299	TCGA-AG-3890-01A-01D-1115-02	4	87258977	87324976	0	-0.5068
300	TCGA-AG-3890-01A-01D-1115-02	4	87324977	114134551	0	0.1871
301	TCGA-AG-3890-01A-01D-1115-02	4	114134552	114610551	0	-0.0815
302	TCGA-AG-3890-01A-01D-1115-02	4	114610552	151577550	0	0.1672
303	TCGA-AG-3890-01A-01D-1115-02	4	151577551	152428550	0	0.2907
304	TCGA-AG-3890-01A-01D-1115-02	4	152428551	153229550	0	0.0891
305	TCGA-AG-3890-01A-01D-1115-02	4	153229551	167524550	0	0.1657
306	TCGA-AG-3890-01A-01D-1115-02	4	167524551	167525550	0	-2.6259
307	TCGA-AG-3890-01A-01D-1115-02	4	167525551	182778006	0	0.1468
308	TCGA-AG-3890-01A-01D-1115-02	4	182778007	182779006	0	-1.6034
309	TCGA-AG-3890-01A-01D-1115-02	4	182779007	190517006	0	0.0518
310	TCGA-AG-3890-01A-01D-1115-02	4	190517007	190710006	0	-0.2977
311	TCGA-AG-3890-01A-01D-1115-02	4	190710007	191029082	0	0.0415
312	TCGA-AG-3890-01A-01D-1115-02	5	10000	3285000	0	0.0288
313	TCGA-AG-3890-01A-01D-1115-02	5	3285001	3490000	0	-0.5461
314	TCGA-AG-3890-01A-01D-1115-02	5	3490001	7103000	0	0.1286
315	TCGA-AG-3890-01A-01D-1115-02	5	7103001	12032000	0	0.1956
316	TCGA-AG-3890-01A-01D-1115-02	5	12032001	12534000	0	0.2963
317	TCGA-AG-3890-01A-01D-1115-02	5	12534001	13208000	0	-0.1915
318	TCGA-AG-3890-01A-01D-1115-02	5	13208001	14675000	0	0.2259
319	TCGA-AG-3890-01A-01D-1115-02	5	14675001	15094000	0	-0.2277
320	TCGA-AG-3890-01A-01D-1115-02	5	15094001	34555243	0	0.2444
321	TCGA-AG-3890-01A-01D-1115-02	5	34555244	34816243	0	-0.3458
322	TCGA-AG-3890-01A-01D-1115-02	5	34816244	39918243	0	0.2471
323	TCGA-AG-3890-01A-01D-1115-02	5	39918244	39919243	0	-1.5632
324	TCGA-AG-3890-01A-01D-1115-02	5	39919244	45909243	0	0.2737
325	TCGA-AG-3890-01A-01D-1115-02	5	45909244	46405641	0	0.5993
326	TCGA-AG-3890-01A-01D-1115-02	5	49405641	49556243	0	0.2476
327	TCGA-AG-3890-01A-01D-1115-02	5	49556244	50933243	0	-0.4065
328	TCGA-AG-3890-01A-01D-1115-02	5	50933244	52369243	0	0.0413
329	TCGA-AG-3890-01A-01D-1115-02	5	52369244	56090243	0	-0.4147
330	TCGA-AG-3890-01A-01D-1115-02	5	56090244	56107243	0	0.2457
331	TCGA-AG-3890-01A-01D-1115-02	5	56107244	56519243	0	-0.3481
332	TCGA-AG-3890-01A-01D-1115-02	5	56519244	56593243	0	0.4285
333	TCGA-AG-3890-01A-01D-1115-02	5	56593244	56699243	0	0.0996
334	TCGA-AG-3890-01A-01D-1115-02	5	56699244	56746243	0	-0.5062
335	TCGA-AG-3890-01A-01D-1115-02	5	56746244	56841243	0	0.0459
336	TCGA-AG-3890-01A-01D-1115-02	5	56841244	94493244	0	-0.4111
337	TCGA-AG-3890-01A-01D-1115-02	5	94493245	94782244	0	-1.2425
338	TCGA-AG-3890-01A-01D-1115-02	5	94782245	100709101	0	-0.4095
339	TCGA-AG-3890-01A-01D-1115-02	5	100709102	101389101	0	-1.2174
340	TCGA-AG-3890-01A-01D-1115-02	5	101389102	129651101	0	-0.419
341	TCGA-AG-3890-01A-01D-1115-02	5	129651102	131301101	0	-0.3337
342	TCGA-AG-3890-01A-01D-1115-02	5	131301102	132177101	0	-0.4855
343	TCGA-AG-3890-01A-01D-1115-02	5	132177102	132530101	0	-0.3124
344	TCGA-AG-3890-01A-01D-1115-02	5	132530102	133025101	0	-0.5864
345	TCGA-AG-3890-01A-01D-1115-02	5	133025102	133474101	0	0.0229
346	TCGA-AG-3890-01A-01D-1115-02	5	133474102	134259101	0	0.2728
347	TCGA-AG-3890-01A-01D-1115-02	5	134259102	134264101	0	1.1891
348	TCGA-AG-3890-01A-01D-1115-02	5	134264102	137158101	0	0.0908
349	TCGA-AG-3890-01A-01D-1115-02	5	137158102	139017816	0	0.2107
350	TCGA-AG-3890-01A-01D-1115-02	5	139017817	139298816	0	-0.0591
351	TCGA-AG-3890-01A-01D-1115-02	5	139298817	141012816	0	0.1857
352	TCGA-AG-3890-01A-01D-1115-02	5	141012817	141361816	0	0.007
353	TCGA-AG-3890-01A-01D-1115-02	5	141361817	149477807	0	0.1675
354	TCGA-AG-3890-01A-01D-1115-02	5	149477808	150525807	0	-0.0261
355	TCGA-AG-3890-01A-01D-1115-02	5	150525808	155476422	0	0.1351
356	TCGA-AG-3890-01A-01D-1115-02	5	155476423	155494422	0	-1.5698
357	TCGA-AG-3890-01A-01D-1115-02	5	155494423	168066422	0	0.1588
358	TCGA-AG-3890-01A-01D-1115-02	5	168066423	170132422	0	0.0107
359	TCGA-AG-3890-01A-01D-1115-02	5	170132423	170736395	0	0.193
360	TCGA-AG-3890-01A-01D-1115-02	5	170736396	171312395	0	0.0577
361	TCGA-AG-3890-01A-01D-1115-02	5	171312396	171758395	0	0.2542
362	TCGA-AG-3890-01A-01D-1115-02	5	171758396	172371394	0	0.02
363	TCGA-AG-3890-01A-01D-1115-02	5	172371395	175948394	0	0.1209
364	TCGA-AG-3890-01A-01D-1115-02	5	175948395	176323394	0	-0.0759
365	TCGA-AG-3890-01A-01D-1115-02	5	176323395	176717394	0	0.2564
366	TCGA-AG-3890-01A-01D-1115-02	5	176717395	176952394	0	-0.0582
367	TCGA-AG-3890-01A-01D-1115-02	5	176952395	177613394	0	0.1561
368	TCGA-AG-3890-01A-01D-1115-02	5	177613395	178004394	0	-0.0701
369	TCGA-AG-3890-01A-01D-1115-02	5	178004395	178538394	0	0.1531
370	TCGA-AG-3890-01A-01D-1115-02	5	178538395	178897394	0	-0.1456
371	TCGA-AG-3890-01A-01D-1115-02	5	178897395	180309394	0	0.1029
372	TCGA-AG-3890-01A-01D-1115-02	5	180309395	180435394	0	0.8398
373	TCGA-AG-3890-01A-01D-1115-02	5	180435395	180905260	0	0.1304
374	TCGA-AG-3890-01A-01D-1115-02	6	62001	1592001	0	-0.1085
375	TCGA-AG-3890-01A-01D-1115-02	6	1592002	1627001	0	-0.5941
376	TCGA-AG-3890-01A-01D-1115-02	6	1627002	4874001	0	-0.0141
377	TCGA-AG-3890-01A-01D-1115-02	6	4874002	5454001	0	-0.1218
378	TCGA-AG-3890-01A-01D-1115-02	6	5454002	15510021	0	-0.2546
379	TCGA-AG-3890-01A-01D-1115-02	6	15510022	15534021	0	-0.888
380	TCGA-AG-3890-01A-01D-1115-02	6	15534022	32429022	0	-0.2248
381	TCGA-AG-3890-01A-01D-1115-02	6	32429023	33619022	0	-0.0097
382	TCGA-AG-3890-01A-01D-1115-02	6	33619023	34130022	0	-0.2963
383	TCGA-AG-3890-01A-01D-1115-02	6	34130023	34386022	0	0.1852
384	TCGA-AG-3890-01A-01D-1115-02	6	34386023	34588022	0	-0.1448
385	TCGA-AG-3890-01A-01D-1115-02	6	34588023	37430022	0	0.0338
386	TCGA-AG-3890-01A-01D-1115-02	6	37430023	37771022	0	-0.1659
387	TCGA-AG-3890-01A-01D-1115-02	6	37771023	42423022	0	-0.0377
388	TCGA-AG-3890-01A-01D-1115-02	6	42423023	42812022	0	0.1767
389	TCGA-AG-3890-01A-01D-1115-02	6	42812023	43736022	0	0.0012
390	TCGA-AG-3890-01A-01D-1115-02	6	43736023	44706022	0	-0.12
391	TCGA-AG-3890-01A-01D-1115-02	6	44706023	58772041	0	0.0449
393	TCGA-AG-3890-01A-01D-1115-02	6	61915042	62115041	0	0.0822
394	TCGA-AG-3890-01A-01D-1115-02	6	62115042	62260041	0	0.4049
395	TCGA-AG-3890-01A-01D-1115-02	6	62260042	140567307	0	0.0326
396	TCGA-AG-3890-01A-01D-1115-02	6	140567308	141942307	0	-0.7332
397	TCGA-AG-3890-01A-01D-1115-02	6	141942308	156561308	0	0.0111
398	TCGA-AG-3890-01A-01D-1115-02	6	156561309	156562308	0	-1.5966
399	TCGA-AG-3890-01A-01D-1115-02	6	156562309	166074010	0	-0.0597
400	TCGA-AG-3890-01A-01D-1115-02	6	166074011	166077010	0	-2.0289
401	TCGA-AG-3890-01A-01D-1115-02	6	166077011	170460075	0	-0.1252
402	TCGA-AG-3890-01A-01D-1115-02	6	170460076	170494075	0	-0.7062
403	TCGA-AG-3890-01A-01D-1115-02	6	170494076	170815075	0	-0.1925
404	TCGA-AG-3890-01A-01D-1115-02	6	170815076	171054075	0	0.1395
405	TCGA-AG-3890-01A-01D-1115-02	7	10238	2300474	0	-0.0805
406	TCGA-AG-3890-01A-01D-1115-02	7	2300475	2535474	0	0.1703
407	TCGA-AG-3890-01A-01D-1115-02	7	2535475	2806474	0	-0.0954
408	TCGA-AG-3890-01A-01D-1115-02	7	2806475	4166474	0	0.1724
409	TCGA-AG-3890-01A-01D-1115-02	7	4166475	4262474	0	-0.1729
410	TCGA-AG-3890-01A-01D-1115-02	7	4262475	5225474	0	0.1751
411	TCGA-AG-3890-01A-01D-1115-02	7	5225475	5668474	0	0.0251
412	TCGA-AG-3890-01A-01D-1115-02	7	5668475	26865475	0	0.236
413	TCGA-AG-3890-01A-01D-1115-02	7	26865476	27133475	0	0.0335
414	TCGA-AG-3890-01A-01D-1115-02	7	27133476	27286475	0	-0.3302
415	TCGA-AG-3890-01A-01D-1115-02	7	27286476	27549475	0	-0.0116
416	TCGA-AG-3890-01A-01D-1115-02	7	27549476	30670475	0	0.1995
417	TCGA-AG-3890-01A-01D-1115-02	7	30670476	30979475	0	-0.0337
418	TCGA-AG-3890-01A-01D-1115-02	7	30979476	32473475	0	0.1388
419	TCGA-AG-3890-01A-01D-1115-02	7	32473476	32474475	0	-2.5375
420	TCGA-AG-3890-01A-01D-1115-02	7	32474476	33640475	0	0.2732
421	TCGA-AG-3890-01A-01D-1115-02	7	33640476	39977475	0	0.1955
422	TCGA-AG-3890-01A-01D-1115-02	7	39977476	40418475	0	0.3486
423	TCGA-AG-3890-01A-01D-1115-02	7	40418476	44002475	0	0.1832
424	TCGA-AG-3890-01A-01D-1115-02	7	44002476	44335475	0	-0.0726
425	TCGA-AG-3890-01A-01D-1115-02	7	44335476	55529506	0	0.1822
426	TCGA-AG-3890-01A-01D-1115-02	7	55529507	55664506	0	-0.0416
427	TCGA-AG-3890-01A-01D-1115-02	7	55664507	56433506	0	0.2769
428	TCGA-AG-3890-01A-01D-1115-02	7	56433507	56443506	0	-0.6275
429	TCGA-AG-3890-01A-01D-1115-02	7	56443507	57954058	0	0.1755
431	TCGA-AG-3890-01A-01D-1115-02	7	61080059	61081058	0	-0.6302
432	TCGA-AG-3890-01A-01D-1115-02	7	61081059	61085058	0	0.4376
433	TCGA-AG-3890-01A-01D-1115-02	7	61085059	61086058	0	-0.673
434	TCGA-AG-3890-01A-01D-1115-02	7	61086059	61913565	0	0.5695
436	TCGA-AG-3890-01A-01D-1115-02	7	61971566	62469565	0	0.5664
437	TCGA-AG-3890-01A-01D-1115-02	7	62469566	87333064	0	0.2368
438	TCGA-AG-3890-01A-01D-1115-02	7	87333065	87334064	0	-0.9168
439	TCGA-AG-3890-01A-01D-1115-02	7	87334065	102324764	0	0.2166
440	TCGA-AG-3890-01A-01D-1115-02	7	102324765	102325764	0	-3.7586
441	TCGA-AG-3890-01A-01D-1115-02	7	102326765	124299764	0	0.2364
442	TCGA-AG-3890-01A-01D-1115-02	7	124299765	127595764	0	0.1914
443	TCGA-AG-3890-01A-01D-1115-02	7	127595765	127763764	0	-0.0605
444	TCGA-AG-3890-01A-01D-1115-02	7	127763765	128050764	0	0.1529
445	TCGA-AG-3890-01A-01D-1115-02	7	128050765	128399764	0	0.3422
446	TCGA-AG-3890-01A-01D-1115-02	7	128399765	128611764	0	0.016
447	TCGA-AG-3890-01A-01D-1115-02	7	128611765	131217460	0	0.2728
448	TCGA-AG-3890-01A-01D-1115-02	7	131217461	132485460	0	0.0625
449	TCGA-AG-3890-01A-01D-1115-02	7	132485461	135042460	0	0.1686
450	TCGA-AG-3890-01A-01D-1115-02	7	135042461	140829531	0	0.2338
451	TCGA-AG-3890-01A-01D-1115-02	7	140829532	142048195	0	0.1648
452	TCGA-AG-3890-01A-01D-1115-02	7	142326241	142448425	0	0.4102
453	TCGA-AG-3890-01A-01D-1115-02	7	142448426	148280067	0	0.1976
454	TCGA-AG-3890-01A-01D-1115-02	7	148280068	148370067	0	-0.4077
455	TCGA-AG-3890-01A-01D-1115-02	7	148370068	149500067	0	0.1712
456	TCGA-AG-3890-01A-01D-1115-02	7	149500068	149528067	0	-0.6147
457	TCGA-AG-3890-01A-01D-1115-02	7	149528068	150590067	0	0.1634
458	TCGA-AG-3890-01A-01D-1115-02	7	150590068	151603067	0	0.033
459	TCGA-AG-3890-01A-01D-1115-02	7	151603068	152449067	0	0.2444
460	TCGA-AG-3890-01A-01D-1115-02	7	152449068	153536067	0	0.1335
461	TCGA-AG-3890-01A-01D-1115-02	7	153536068	155392239	0	0.0243
462	TCGA-AG-3890-01A-01D-1115-02	7	155392240	155555239	0	0.2367
463	TCGA-AG-3890-01A-01D-1115-02	7	155555240	155963239	0	-0.0404
464	TCGA-AG-3890-01A-01D-1115-02	7	155963240	155964239	0	-1.7515
465	TCGA-AG-3890-01A-01D-1115-02	7	155964240	157158239	0	0.1673
466	TCGA-AG-3890-01A-01D-1115-02	7	157158240	158398239	0	-0.0467
467	TCGA-AG-3890-01A-01D-1115-02	7	158398240	159128663	0	0.1449
468	TCGA-AG-3890-01A-01D-1115-02	8	10001	2141593	0	-0.4395
469	TCGA-AG-3890-01A-01D-1115-02	8	2141594	6671590	0	-0.3371
470	TCGA-AG-3890-01A-01D-1115-02	8	6671591	7886590	0	-0.4658
471	TCGA-AG-3890-01A-01D-1115-02	8	7888591	9996590	0	-0.2823
472	TCGA-AG-3890-01A-01D-1115-02	8	9996591	12696629	0	-0.4235
473	TCGA-AG-3890-01A-01D-1115-02	8	12696630	20078720	0	-0.2935
474	TCGA-AG-3890-01A-01D-1115-02	8	20078721	22090055	0	-0.4115
475	TCGA-AG-3890-01A-01D-1115-02	8	22090056	22393055	0	-0.2074
476	TCGA-AG-3890-01A-01D-1115-02	8	22393056	22555055	0	-0.5711
477	TCGA-AG-3890-01A-01D-1115-02	8	22555056	41404843	0	-0.2898
478	TCGA-AG-3890-01A-01D-1115-02	8	41404844	41755843	0	-0.4933
479	TCGA-AG-3890-01A-01D-1115-02	8	41755844	43091843	0	-0.2492
480	TCGA-AG-3890-01A-01D-1115-02	8	43091844	43097843	0	0.8808
481	TCGA-AG-3890-01A-01D-1115-02	8	43097844	43302843	0	-0.2545
482	TCGA-AG-3890-01A-01D-1115-02	8	43302844	43361843	0	-0.9322
483	TCGA-AG-3890-01A-01D-1115-02	8	43361844	43427843	0	-1.4469
484	TCGA-AG-3890-01A-01D-1115-02	8	43427844	43759843	0	-0.7759
485	TCGA-AG-3890-01A-01D-1115-02	8	43759844	43792843	0	-0.0271
486	TCGA-AG-3890-01A-01D-1115-02	8	43792844	43798843	0	1.1671
487	TCGA-AG-3890-01A-01D-1115-02	8	43798844	43799843	0	-1.8218
489	TCGA-AG-3890-01A-01D-1115-02	8	46851836	46852835	0	1.1994
490	TCGA-AG-3890-01A-01D-1115-02	8	46852836	46999835	0	-0.0456
491	TCGA-AG-3890-01A-01D-1115-02	8	46999836	47171835	0	-0.6661
492	TCGA-AG-3890-01A-01D-1115-02	8	47171836	49080447	0	-0.267
493	TCGA-AG-3890-01A-01D-1115-02	8	49080448	49847447	0	-0.4121
494	TCGA-AG-3890-01A-01D-1115-02	8	49847448	56722446	0	-0.295
495	TCGA-AG-3890-01A-01D-1115-02	8	56722447	56845446	0	0.1186
496	TCGA-AG-3890-01A-01D-1115-02	8	56845447	65135446	0	-0.3103
497	TCGA-AG-3890-01A-01D-1115-02	8	65135447	71108446	0	-0.617
498	TCGA-AG-3890-01A-01D-1115-02	8	71108447	74568446	0	-0.012
499	TCGA-AG-3890-01A-01D-1115-02	8	74568447	74867446	0	0.1573
500	TCGA-AG-3890-01A-01D-1115-02	8	74867447	81093445	0	0.0145
501	TCGA-AG-3890-01A-01D-1115-02	8	81093446	81094445	0	-2.21
502	TCGA-AG-3890-01A-01D-1115-02	8	81094446	83502445	0	0.0421
503	TCGA-AG-3890-01A-01D-1115-02	8	83502446	95673824	0	0.2336
504	TCGA-AG-3890-01A-01D-1115-02	8	95673825	95870824	0	0.404
505	TCGA-AG-3890-01A-01D-1115-02	8	95870825	98569824	0	0.172
506	TCGA-AG-3890-01A-01D-1115-02	8	98569825	105294824	0	0.2202
507	TCGA-AG-3890-01A-01D-1115-02	8	105294825	107688824	0	0.1419
508	TCGA-AG-3890-01A-01D-1115-02	8	107688825	128792818	0	0.2387
509	TCGA-AG-3890-01A-01D-1115-02	8	128792819	128794818	0	-1.6921
510	TCGA-AG-3890-01A-01D-1115-02	8	128794819	133010818	0	0.1845
511	TCGA-AG-3890-01A-01D-1115-02	8	133010819	140471818	0	0.1396
512	TCGA-AG-3890-01A-01D-1115-02	8	140471819	140993818	0	-0.0486
513	TCGA-AG-3890-01A-01D-1115-02	8	140993819	141420818	0	0.1278
514	TCGA-AG-3890-01A-01D-1115-02	8	141420819	142036818	0	0.2683
515	TCGA-AG-3890-01A-01D-1115-02	8	142036819	143352093	0	-0.0646
516	TCGA-AG-3890-01A-01D-1115-02	8	143352094	143725998	0	-0.2295
517	TCGA-AG-3890-01A-01D-1115-02	8	143725999	145636192	0	0.0025
518	TCGA-AG-3890-01A-01D-1115-02	8	145636193	145782192	0	-0.2471
519	TCGA-AG-3890-01A-01D-1115-02	8	145782193	146304022	0	0.2095
520	TCGA-AG-3890-01A-01D-1115-02	9	10001	307000	0	0.1925
521	TCGA-AG-3890-01A-01D-1115-02	9	307001	308000	0	-1.9162
522	TCGA-AG-3890-01A-01D-1115-02	9	308001	14492000	0	0.164
523	TCGA-AG-3890-01A-01D-1115-02	9	14492001	16029000	0	0.2449
524	TCGA-AG-3890-01A-01D-1115-02	9	16029001	16415000	0	-0.0119
525	TCGA-AG-3890-01A-01D-1115-02	9	16415001	31022000	0	0.1691
526	TCGA-AG-3890-01A-01D-1115-02	9	31022001	32282000	0	-0.1854
527	TCGA-AG-3890-01A-01D-1115-02	9	32282001	33375000	0	0.1719
528	TCGA-AG-3890-01A-01D-1115-02	9	33375001	33470000	0	-0.0754
529	TCGA-AG-3890-01A-01D-1115-02	9	33470001	34241000	0	0.264
530	TCGA-AG-3890-01A-01D-1115-02	9	34241001	35872000	0	0.1188
531	TCGA-AG-3890-01A-01D-1115-02	9	35872001	36687000	0	0.2652
532	TCGA-AG-3890-01A-01D-1115-02	9	36687001	37140000	0	-0.0163
533	TCGA-AG-3890-01A-01D-1115-02	9	37140001	37361000	0	0.3329
534	TCGA-AG-3890-01A-01D-1115-02	9	37361001	37890000	0	0.1264
535	TCGA-AG-3890-01A-01D-1115-02	9	37890001	38086000	0	-0.1122
536	TCGA-AG-3890-01A-01D-1115-02	9	38086001	44070004	0	0.1202
537	TCGA-AG-3890-01A-01D-1115-02	9	44070005	44072004	0	-0.6002
539	TCGA-AG-3890-01A-01D-1115-02	9	66733181	66832180	0	0.5196
540	TCGA-AG-3890-01A-01D-1115-02	9	66832181	66833180	0	1.359
541	TCGA-AG-3890-01A-01D-1115-02	9	66833181	67324180	0	0.3762
542	TCGA-AG-3890-01A-01D-1115-02	9	67324181	69005180	0	0.0586
543	TCGA-AG-3890-01A-01D-1115-02	9	69005181	69006180	0	-3.6478
544	TCGA-AG-3890-01A-01D-1115-02	9	69006181	72080180	0	0.1587
545	TCGA-AG-3890-01A-01D-1115-02	9	72080181	77100180	0	0.3459
546	TCGA-AG-3890-01A-01D-1115-02	9	77100181	79186180	0	0.1529
547	TCGA-AG-3890-01A-01D-1115-02	9	79186181	79187180	0	-1.1943
548	TCGA-AG-3890-01A-01D-1115-02	9	79187181	80261180	0	0.2076
549	TCGA-AG-3890-01A-01D-1115-02	9	80261181	88186180	0	0.1225
550	TCGA-AG-3890-01A-01D-1115-02	9	88186181	88187180	0	-1.6002
551	TCGA-AG-3890-01A-01D-1115-02	9	88187181	89245180	0	0.2071
552	TCGA-AG-3890-01A-01D-1115-02	9	89245181	92922180	0	0.0646
553	TCGA-AG-3890-01A-01D-1115-02	9	92922181	95786179	0	0.1087
554	TCGA-AG-3890-01A-01D-1115-02	9	95786180	96651179	0	0.0286
555	TCGA-AG-3890-01A-01D-1115-02	9	96651180	96725179	0	-0.2429
556	TCGA-AG-3890-01A-01D-1115-02	9	96725180	98970179	0	0.1233
557	TCGA-AG-3890-01A-01D-1115-02	9	98970180	100053179	0	0.2277
558	TCGA-AG-3890-01A-01D-1115-02	9	100053180	102164179	0	0.0524
559	TCGA-AG-3890-01A-01D-1115-02	9	102164180	103767179	0	0.1833
560	TCGA-AG-3890-01A-01D-1115-02	9	103767180	104249179	0	-0.2511
561	TCGA-AG-3890-01A-01D-1115-02	9	104249180	114454179	0	0.1638
562	TCGA-AG-3890-01A-01D-1115-02	9	114454180	115594179	0	0.2734
563	TCGA-AG-3890-01A-01D-1115-02	9	115594180	117299179	0	0.0349
564	TCGA-AG-3890-01A-01D-1115-02	9	117299180	124360179	0	0.1201
565	TCGA-AG-3890-01A-01D-1115-02	9	124360180	125001179	0	0.0052
566	TCGA-AG-3890-01A-01D-1115-02	9	125001180	126058179	0	0.2274
567	TCGA-AG-3890-01A-01D-1115-02	9	126058180	127017179	0	0.1017
568	TCGA-AG-3890-01A-01D-1115-02	9	127017180	127284179	0	-0.0632
569	TCGA-AG-3890-01A-01D-1115-02	9	127284180	128112179	0	0.2716
570	TCGA-AG-3890-01A-01D-1115-02	9	128112180	133063179	0	0.071
571	TCGA-AG-3890-01A-01D-1115-02	9	133063180	133385179	0	-0.2028
572	TCGA-AG-3890-01A-01D-1115-02	9	133385180	133752179	0	0.1826
573	TCGA-AG-3890-01A-01D-1115-02	9	133752180	134012179	0	-0.0894
574	TCGA-AG-3890-01A-01D-1115-02	9	134012180	134128179	0	0.1757
575	TCGA-AG-3890-01A-01D-1115-02	9	134128180	134190179	0	-0.4018
576	TCGA-AG-3890-01A-01D-1115-02	9	134190180	136223179	0	0.0552
577	TCGA-AG-3890-01A-01D-1115-02	9	136223180	140325179	0	-0.1637
578	TCGA-AG-3890-01A-01D-1115-02	9	140325180	141153179	0	0.0641
579	TCGA-AG-3890-01A-01D-1115-02	10	60001	360000	0	-0.0102
580	TCGA-AG-3890-01A-01D-1115-02	10	360001	3764000	0	-0.1611
581	TCGA-AG-3890-01A-01D-1115-02	10	3764001	11032994	0	-0.0801
582	TCGA-AG-3890-01A-01D-1115-02	10	11032995	11499994	0	-0.1881
583	TCGA-AG-3890-01A-01D-1115-02	10	11499995	36031994	0	-0.0434
584	TCGA-AG-3890-01A-01D-1115-02	10	36031995	36126994	0	-0.4996
585	TCGA-AG-3890-01A-01D-1115-02	10	36126995	38767994	0	-0.0538
586	TCGA-AG-3890-01A-01D-1115-02	10	38767995	39154935	0	0.2378
587	TCGA-AG-3890-01A-01D-1115-02	10	42355000	42397994	0	0.812
588	TCGA-AG-3890-01A-01D-1115-02	10	42397995	42407994	0	0.5901
589	TCGA-AG-3890-01A-01D-1115-02	10	42407995	42528994	0	0.2983
590	TCGA-AG-3890-01A-01D-1115-02	10	42528995	42544994	0	0.5996
592	TCGA-AG-3890-01A-01D-1115-02	10	42600995	43426994	0	-0.0491
593	TCGA-AG-3890-01A-01D-1115-02	10	43426995	43634994	0	-0.4155
594	TCGA-AG-3890-01A-01D-1115-02	10	43634995	45503994	0	-0.1646
595	TCGA-AG-3890-01A-01D-1115-02	10	45503995	46950994	0	-0.0443
596	TCGA-AG-3890-01A-01D-1115-02	10	46950995	49649994	0	-0.188
597	TCGA-AG-3890-01A-01D-1115-02	10	49649995	50859994	0	-0.2814
598	TCGA-AG-3890-01A-01D-1115-02	10	50859995	54657994	0	-0.0645
599	TCGA-AG-3890-01A-01D-1115-02	10	54657995	55065994	0	-0.2859
600	TCGA-AG-3890-01A-01D-1115-02	10	55065995	71093994	0	-0.0484
601	TCGA-AG-3890-01A-01D-1115-02	10	71093995	71884994	0	-0.2354
602	TCGA-AG-3890-01A-01D-1115-02	10	71884995	72616994	0	-0.1213
603	TCGA-AG-3890-01A-01D-1115-02	10	72616995	73618994	0	-0.3263
604	TCGA-AG-3890-01A-01D-1115-02	10	73618995	75411994	0	0.0439
605	TCGA-AG-3890-01A-01D-1115-02	10	75411995	75666994	0	-0.1796
606	TCGA-AG-3890-01A-01D-1115-02	10	75666995	76060994	0	0.0279
607	TCGA-AG-3890-01A-01D-1115-02	10	76060995	76061994	0	-2.1811
608	TCGA-AG-3890-01A-01D-1115-02	10	76061995	76991994	0	0.0046
609	TCGA-AG-3890-01A-01D-1115-02	10	76991995	79918994	0	-0.1275
610	TCGA-AG-3890-01A-01D-1115-02	10	79918995	81220994	0	-0.3291
611	TCGA-AG-3890-01A-01D-1115-02	10	81220995	87859020	0	-0.0894
612	TCGA-AG-3890-01A-01D-1115-02	10	87859021	88164020	0	-0.39
613	TCGA-AG-3890-01A-01D-1115-02	10	88164021	88392020	0	0.0085
614	TCGA-AG-3890-01A-01D-1115-02	10	88392021	88470020	0	-0.4696
615	TCGA-AG-3890-01A-01D-1115-02	10	88470021	99503010	0	-0.0484
616	TCGA-AG-3890-01A-01D-1115-02	10	99503011	99861010	0	-0.2588
617	TCGA-AG-3890-01A-01D-1115-02	10	99861011	100003010	0	0.0552
618	TCGA-AG-3890-01A-01D-1115-02	10	100003011	100251010	0	-0.2518
619	TCGA-AG-3890-01A-01D-1115-02	10	100251011	102418010	0	-0.0442
620	TCGA-AG-3890-01A-01D-1115-02	10	102418011	103072010	0	-0.212
621	TCGA-AG-3890-01A-01D-1115-02	10	103072011	105176010	0	-0.031
622	TCGA-AG-3890-01A-01D-1115-02	10	105176011	108993010	0	-0.1043
623	TCGA-AG-3890-01A-01D-1115-02	10	108993011	108994010	0	-2.2408
624	TCGA-AG-3890-01A-01D-1115-02	10	108994011	114314010	0	-0.0906
625	TCGA-AG-3890-01A-01D-1115-02	10	114314011	114736010	0	-0.7832
626	TCGA-AG-3890-01A-01D-1115-02	10	114736011	116905010	0	-0.1451
627	TCGA-AG-3890-01A-01D-1115-02	10	116905011	117486010	0	0.0243
628	TCGA-AG-3890-01A-01D-1115-02	10	117486011	123836010	0	-0.138
629	TCGA-AG-3890-01A-01D-1115-02	10	123836011	124979010	0	-0.2153
630	TCGA-AG-3890-01A-01D-1115-02	10	124979011	126205010	0	-0.3153
631	TCGA-AG-3890-01A-01D-1115-02	10	126205011	126435010	0	-0.4808
632	TCGA-AG-3890-01A-01D-1115-02	10	126435011	126662010	0	-0.0268
633	TCGA-AG-3890-01A-01D-1115-02	10	126662011	129691010	0	-0.2333
634	TCGA-AG-3890-01A-01D-1115-02	10	129691011	134198010	0	-0.3399
635	TCGA-AG-3890-01A-01D-1115-02	10	134198011	135224010	0	-0.5019
636	TCGA-AG-3890-01A-01D-1115-02	10	135224011	135524747	0	-0.2073
637	TCGA-AG-3890-01A-01D-1115-02	11	61001	2067424	0	-0.2634
638	TCGA-AG-3890-01A-01D-1115-02	11	2067425	2085424	0	0.4981
639	TCGA-AG-3890-01A-01D-1115-02	11	2085425	2615424	0	-0.2969
640	TCGA-AG-3890-01A-01D-1115-02	11	2615425	2662424	0	0.1927
641	TCGA-AG-3890-01A-01D-1115-02	11	2662425	3253424	0	-0.2579
642	TCGA-AG-3890-01A-01D-1115-02	11	3253425	8208424	0	0.008
643	TCGA-AG-3890-01A-01D-1115-02	11	8208425	8427424	0	-0.2809
644	TCGA-AG-3890-01A-01D-1115-02	11	8427425	11152424	0	0.0453
645	TCGA-AG-3890-01A-01D-1115-02	11	11152425	11594424	0	-0.1831
646	TCGA-AG-3890-01A-01D-1115-02	11	11594425	17369424	0	6e-04
647	TCGA-AG-3890-01A-01D-1115-02	11	17369425	18001424	0	-0.2802
648	TCGA-AG-3890-01A-01D-1115-02	11	18001425	18689424	0	-0.0174
649	TCGA-AG-3890-01A-01D-1115-02	11	18689425	20310424	0	-0.2042
650	TCGA-AG-3890-01A-01D-1115-02	11	20310425	31812424	0	-0.0965
651	TCGA-AG-3890-01A-01D-1115-02	11	31812425	31850424	0	-0.6607
652	TCGA-AG-3890-01A-01D-1115-02	11	31850425	32458424	0	-0.2051
653	TCGA-AG-3890-01A-01D-1115-02	11	32458425	33469424	0	0.0095
654	TCGA-AG-3890-01A-01D-1115-02	11	33469425	34617424	0	-0.1491
655	TCGA-AG-3890-01A-01D-1115-02	11	34617425	37397424	0	-0.0138
656	TCGA-AG-3890-01A-01D-1115-02	11	37397425	37627424	0	-0.4058
657	TCGA-AG-3890-01A-01D-1115-02	11	37627425	44277424	0	0.0072
658	TCGA-AG-3890-01A-01D-1115-02	11	44277425	45885424	0	-0.139
659	TCGA-AG-3890-01A-01D-1115-02	11	45885425	45965424	0	-0.4243
660	TCGA-AG-3890-01A-01D-1115-02	11	45965425	46294424	0	0.111
661	TCGA-AG-3890-01A-01D-1115-02	11	46294425	46415424	0	-0.2372
662	TCGA-AG-3890-01A-01D-1115-02	11	46415425	48807424	0	0.0987
663	TCGA-AG-3890-01A-01D-1115-02	11	48807425	48898424	0	0.4922
664	TCGA-AG-3890-01A-01D-1115-02	11	48898425	50429424	0	0.0412
665	TCGA-AG-3890-01A-01D-1115-02	11	50429425	51385424	0	0.3642
666	TCGA-AG-3890-01A-01D-1115-02	11	51385425	51576424	0	0.1474
667	TCGA-AG-3890-01A-01D-1115-02	11	51576425	51581424	0	0.7084
669	TCGA-AG-3890-01A-01D-1115-02	11	55036425	61280424	0	0.0152
670	TCGA-AG-3890-01A-01D-1115-02	11	61280425	61698424	0	-0.2687
671	TCGA-AG-3890-01A-01D-1115-02	11	61698425	63750424	0	0.0587
672	TCGA-AG-3890-01A-01D-1115-02	11	63750425	64692424	0	-0.2068
673	TCGA-AG-3890-01A-01D-1115-02	11	64692425	68356424	0	-0.0579
674	TCGA-AG-3890-01A-01D-1115-02	11	68356425	71525352	0	-0.1688
675	TCGA-AG-3890-01A-01D-1115-02	11	71525353	72246352	0	0.0518
676	TCGA-AG-3890-01A-01D-1115-02	11	72246353	72508352	0	-0.2353
677	TCGA-AG-3890-01A-01D-1115-02	11	72508353	72878352	0	0.1145
678	TCGA-AG-3890-01A-01D-1115-02	11	72878353	73138352	0	-0.1958
679	TCGA-AG-3890-01A-01D-1115-02	11	73138353	74897352	0	0.0723
680	TCGA-AG-3890-01A-01D-1115-02	11	74897353	75527352	0	-0.1123
681	TCGA-AG-3890-01A-01D-1115-02	11	75527353	75844352	0	0.1223
682	TCGA-AG-3890-01A-01D-1115-02	11	75844353	76039352	0	-0.3068
683	TCGA-AG-3890-01A-01D-1115-02	11	76039353	76790352	0	0.0505
684	TCGA-AG-3890-01A-01D-1115-02	11	76790353	76928352	0	-0.346
685	TCGA-AG-3890-01A-01D-1115-02	11	76928353	78443352	0	0.0866
686	TCGA-AG-3890-01A-01D-1115-02	11	78443353	79082352	0	-0.1559
687	TCGA-AG-3890-01A-01D-1115-02	11	79082353	81856352	0	-0.0222
688	TCGA-AG-3890-01A-01D-1115-02	11	81856353	81863352	0	-1.4765
689	TCGA-AG-3890-01A-01D-1115-02	11	81863353	85192352	0	0.0417
690	TCGA-AG-3890-01A-01D-1115-02	11	85192353	85196352	0	-0.7817
691	TCGA-AG-3890-01A-01D-1115-02	11	85196353	95846352	0	0.0148
692	TCGA-AG-3890-01A-01D-1115-02	11	95846353	96010352	0	-0.306
693	TCGA-AG-3890-01A-01D-1115-02	11	96010353	100628790	0	0.0212
694	TCGA-AG-3890-01A-01D-1115-02	11	100628791	100748790	0	-0.2517
695	TCGA-AG-3890-01A-01D-1115-02	11	100748791	116768790	0	0.0023
696	TCGA-AG-3890-01A-01D-1115-02	11	116769791	117056790	0	0.1175
697	TCGA-AG-3890-01A-01D-1115-02	11	117056791	118042790	0	-0.157
698	TCGA-AG-3890-01A-01D-1115-02	11	118042791	119154790	0	0.025
699	TCGA-AG-3890-01A-01D-1115-02	11	119154791	120208790	0	-0.1657
700	TCGA-AG-3890-01A-01D-1115-02	11	120208791	120381790	0	0.1554
701	TCGA-AG-3890-01A-01D-1115-02	11	120381791	120893790	0	-0.1803
702	TCGA-AG-3890-01A-01D-1115-02	11	120893791	125025790	0	-0.004
703	TCGA-AG-3890-01A-01D-1115-02	11	125025791	125287790	0	-0.2746
704	TCGA-AG-3890-01A-01D-1115-02	11	125287791	125963790	0	0.0119
705	TCGA-AG-3890-01A-01D-1115-02	11	125963791	127342790	0	-0.1206
706	TCGA-AG-3890-01A-01D-1115-02	11	127342791	128291790	0	-3e-04
707	TCGA-AG-3890-01A-01D-1115-02	11	128291791	128848790	0	-0.1269
708	TCGA-AG-3890-01A-01D-1115-02	11	128848791	130293790	0	0.0318
709	TCGA-AG-3890-01A-01D-1115-02	11	130293791	134946516	0	-0.127
710	TCGA-AG-3890-01A-01D-1115-02	12	145740	186739	0	0.1749
711	TCGA-AG-3890-01A-01D-1115-02	12	186740	296739	0	-0.2483
712	TCGA-AG-3890-01A-01D-1115-02	12	296740	297739	0	-3.1566
713	TCGA-AG-3890-01A-01D-1115-02	12	297740	364739	0	-0.2378
714	TCGA-AG-3890-01A-01D-1115-02	12	364740	543739	0	0.1756
715	TCGA-AG-3890-01A-01D-1115-02	12	543740	701739	0	-0.1506
716	TCGA-AG-3890-01A-01D-1115-02	12	701740	1886739	0	0.0899
717	TCGA-AG-3890-01A-01D-1115-02	12	1886740	3795739	0	-0.1461
718	TCGA-AG-3890-01A-01D-1115-02	12	3795740	12213733	0	0.0065
719	TCGA-AG-3890-01A-01D-1115-02	12	12213734	12273733	0	-0.7003
720	TCGA-AG-3890-01A-01D-1115-02	12	12273734	13127733	0	0.1161
721	TCGA-AG-3890-01A-01D-1115-02	12	13127734	31077733	0	0.0277
722	TCGA-AG-3890-01A-01D-1115-02	12	31077734	31277733	0	-0.1686
723	TCGA-AG-3890-01A-01D-1115-02	12	31277734	34456733	0	0.086
724	TCGA-AG-3890-01A-01D-1115-02	12	34456734	34545733	0	-0.5184
726	TCGA-AG-3890-01A-01D-1115-02	12	37867734	37978733	0	-0.0419
727	TCGA-AG-3890-01A-01D-1115-02	12	37978734	38448733	0	0.4062
728	TCGA-AG-3890-01A-01D-1115-02	12	38448734	40804733	0	0.0574
729	TCGA-AG-3890-01A-01D-1115-02	12	40804734	40976733	0	-0.1888
730	TCGA-AG-3890-01A-01D-1115-02	12	40976734	48116733	0	0.0275
731	TCGA-AG-3890-01A-01D-1115-02	12	48116734	48234733	0	-0.3485
732	TCGA-AG-3890-01A-01D-1115-02	12	48234734	50522733	0	0.0071
733	TCGA-AG-3890-01A-01D-1115-02	12	50522734	52192733	0	0.1095
734	TCGA-AG-3890-01A-01D-1115-02	12	52192734	53312733	0	-0.1691
735	TCGA-AG-3890-01A-01D-1115-02	12	53312734	54332733	0	0.0148
736	TCGA-AG-3890-01A-01D-1115-02	12	54332734	54616733	0	-0.2281
737	TCGA-AG-3890-01A-01D-1115-02	12	54616734	57375733	0	0.0445
738	TCGA-AG-3890-01A-01D-1115-02	12	57375734	57666733	0	-0.181
739	TCGA-AG-3890-01A-01D-1115-02	12	57666734	111484617	0	0.0067
740	TCGA-AG-3890-01A-01D-1115-02	12	111484618	111878617	0	-0.1413
741	TCGA-AG-3890-01A-01D-1115-02	12	111878618	113207617	0	0.0784
742	TCGA-AG-3890-01A-01D-1115-02	12	113207618	114894617	0	-0.1601
743	TCGA-AG-3890-01A-01D-1115-02	12	114894618	124823047	0	-0.0136
744	TCGA-AG-3890-01A-01D-1115-02	12	124823048	125064047	0	-0.4177
745	TCGA-AG-3890-01A-01D-1115-02	12	125064048	127650047	0	-0.0619
746	TCGA-AG-3890-01A-01D-1115-02	12	127650048	127651047	0	-0.8842
747	TCGA-AG-3890-01A-01D-1115-02	12	127651048	130897047	0	-0.1165
748	TCGA-AG-3890-01A-01D-1115-02	12	130897048	132617047	0	-0.2048
749	TCGA-AG-3890-01A-01D-1115-02	12	132617048	133167927	0	-0.4112
750	TCGA-AG-3890-01A-01D-1115-02	12	133167928	133519927	0	-0.1131
751	TCGA-AG-3890-01A-01D-1115-02	12	133519928	133779461	0	0.0829
752	TCGA-AG-3890-01A-01D-1115-02	13	19020001	19183000	0	0.135
753	TCGA-AG-3890-01A-01D-1115-02	13	19183001	19230000	0	-0.7177
754	TCGA-AG-3890-01A-01D-1115-02	13	19230001	27397000	0	0.2071
755	TCGA-AG-3890-01A-01D-1115-02	13	27397001	27785000	0	0.4556
756	TCGA-AG-3890-01A-01D-1115-02	13	27785001	45507000	0	0.194
757	TCGA-AG-3890-01A-01D-1115-02	13	45507001	46063999	0	0.2996
758	TCGA-AG-3890-01A-01D-1115-02	13	46064000	46528999	0	0.1107
759	TCGA-AG-3890-01A-01D-1115-02	13	46529000	51147999	0	0.2424
760	TCGA-AG-3890-01A-01D-1115-02	13	51148000	73392999	0	0.1874
761	TCGA-AG-3890-01A-01D-1115-02	13	73393000	73747999	0	0.4108
762	TCGA-AG-3890-01A-01D-1115-02	13	73748000	98928999	0	0.2406
763	TCGA-AG-3890-01A-01D-1115-02	13	98929000	99191999	0	0.0499
764	TCGA-AG-3890-01A-01D-1115-02	13	99192000	100618999	0	0.2409
765	TCGA-AG-3890-01A-01D-1115-02	13	100619000	100643999	0	-0.2977
766	TCGA-AG-3890-01A-01D-1115-02	13	100644000	100925999	0	0.3682
767	TCGA-AG-3890-01A-01D-1115-02	13	100926000	110321999	0	0.2076
768	TCGA-AG-3890-01A-01D-1115-02	13	110322000	111960999	0	0.1385
769	TCGA-AG-3890-01A-01D-1115-02	13	111961000	114932898	0	0.057
770	TCGA-AG-3890-01A-01D-1115-02	13	114932899	115109878	0	0.2495
771	TCGA-AG-3890-01A-01D-1115-02	14	19000000	19079000	0	0.4156
772	TCGA-AG-3890-01A-01D-1115-02	14	19079001	22215160	0	-0.3269
773	TCGA-AG-3890-01A-01D-1115-02	14	22215161	22970160	0	-0.0981
774	TCGA-AG-3890-01A-01D-1115-02	14	22970161	25157160	0	-0.4287
775	TCGA-AG-3890-01A-01D-1115-02	14	25157161	25219160	0	-1.2313
776	TCGA-AG-3890-01A-01D-1115-02	14	25219161	33959249	0	-0.3662
777	TCGA-AG-3890-01A-01D-1115-02	14	33959250	34618249	0	-0.4789
778	TCGA-AG-3890-01A-01D-1115-02	14	34618250	36407249	0	-0.289
779	TCGA-AG-3890-01A-01D-1115-02	14	36407250	50379250	0	-0.3643
780	TCGA-AG-3890-01A-01D-1115-02	14	50379251	50380250	0	-3.2186
781	TCGA-AG-3890-01A-01D-1115-02	14	50380251	64041247	0	-0.3836
782	TCGA-AG-3890-01A-01D-1115-02	14	64041248	66226247	0	-0.3169
783	TCGA-AG-3890-01A-01D-1115-02	14	66226248	66322247	0	-0.648
784	TCGA-AG-3890-01A-01D-1115-02	14	66322248	68638247	0	-0.3554
785	TCGA-AG-3890-01A-01D-1115-02	14	68638248	71415247	0	-0.4408
786	TCGA-AG-3890-01A-01D-1115-02	14	71415248	72550247	0	-0.3449
787	TCGA-AG-3890-01A-01D-1115-02	14	72550248	73396247	0	-0.4832
788	TCGA-AG-3890-01A-01D-1115-02	14	73396248	74957247	0	-0.3052
789	TCGA-AG-3890-01A-01D-1115-02	14	74957248	75106247	0	-0.6865
790	TCGA-AG-3890-01A-01D-1115-02	14	75106248	75356247	0	-0.2921
791	TCGA-AG-3890-01A-01D-1115-02	14	75356248	75465247	0	-0.6703
792	TCGA-AG-3890-01A-01D-1115-02	14	75465248	91878247	0	-0.4201
793	TCGA-AG-3890-01A-01D-1115-02	14	91878248	92570247	0	-0.2992
794	TCGA-AG-3890-01A-01D-1115-02	14	92570248	93160247	0	-0.4869
795	TCGA-AG-3890-01A-01D-1115-02	14	93160248	93341247	0	-0.2601
796	TCGA-AG-3890-01A-01D-1115-02	14	93341248	93597247	0	-0.6081
797	TCGA-AG-3890-01A-01D-1115-02	14	93597248	94174247	0	-0.3815
798	TCGA-AG-3890-01A-01D-1115-02	14	94174248	96738247	0	-0.5264
799	TCGA-AG-3890-01A-01D-1115-02	14	96738248	97024247	0	-0.3285
800	TCGA-AG-3890-01A-01D-1115-02	14	97024248	99976247	0	-0.5021
801	TCGA-AG-3890-01A-01D-1115-02	14	99976248	100252247	0	-0.7214
802	TCGA-AG-3890-01A-01D-1115-02	14	100252248	100531247	0	-0.3695
803	TCGA-AG-3890-01A-01D-1115-02	14	100531248	102077247	0	-0.5829
804	TCGA-AG-3890-01A-01D-1115-02	14	102077248	103380247	0	-0.3769
805	TCGA-AG-3890-01A-01D-1115-02	14	103380248	103698247	0	-0.5582
806	TCGA-AG-3890-01A-01D-1115-02	14	103698248	103972247	0	-0.2958
807	TCGA-AG-3890-01A-01D-1115-02	14	103972248	104047247	0	-0.7417
808	TCGA-AG-3890-01A-01D-1115-02	14	104047248	104551247	0	-0.3565
809	TCGA-AG-3890-01A-01D-1115-02	14	104551248	104659247	0	-0.9418
810	TCGA-AG-3890-01A-01D-1115-02	14	104659248	106055955	0	-0.6868
811	TCGA-AG-3890-01A-01D-1115-02	14	106055956	106099955	0	-1.6007
812	TCGA-AG-3890-01A-01D-1115-02	14	106099956	106397955	0	-0.898
813	TCGA-AG-3890-01A-01D-1115-02	14	106397956	107289540	0	-0.443
814	TCGA-AG-3890-01A-01D-1115-02	15	20000000	20136986	0	0.1366
815	TCGA-AG-3890-01A-01D-1115-02	15	20136987	20543986	0	-0.4141
816	TCGA-AG-3890-01A-01D-1115-02	15	20543987	20563986	0	-0.9267
817	TCGA-AG-3890-01A-01D-1115-02	15	20563987	20785986	0	-0.2744
818	TCGA-AG-3890-01A-01D-1115-02	15	20785987	21322341	0	-0.5219
819	TCGA-AG-3890-01A-01D-1115-02	15	21322342	25409907	0	-0.2999
820	TCGA-AG-3890-01A-01D-1115-02	15	25409908	25483907	0	-0.7541
821	TCGA-AG-3890-01A-01D-1115-02	15	25483908	30027708	0	-0.3476
822	TCGA-AG-3890-01A-01D-1115-02	15	30027709	30366708	0	-0.1575
823	TCGA-AG-3890-01A-01D-1115-02	15	30366709	31778708	0	-0.3914
824	TCGA-AG-3890-01A-01D-1115-02	15	31778709	40524708	0	-0.2731
825	TCGA-AG-3890-01A-01D-1115-02	15	40524709	40847708	0	-0.4896
826	TCGA-AG-3890-01A-01D-1115-02	15	40847709	41193708	0	-0.1917
827	TCGA-AG-3890-01A-01D-1115-02	15	41193709	41258708	0	-0.5797
828	TCGA-AG-3890-01A-01D-1115-02	15	41258709	41768708	0	-0.1019
829	TCGA-AG-3890-01A-01D-1115-02	15	41768709	41806708	0	-0.6723
830	TCGA-AG-3890-01A-01D-1115-02	15	41806709	42095708	0	-0.18
831	TCGA-AG-3890-01A-01D-1115-02	15	42095709	42443708	0	-0.5113
832	TCGA-AG-3890-01A-01D-1115-02	15	42443709	45311708	0	-0.1892
833	TCGA-AG-3890-01A-01D-1115-02	15	45311709	45494708	0	-0.484
834	TCGA-AG-3890-01A-01D-1115-02	15	45494709	47673708	0	-0.2431
835	TCGA-AG-3890-01A-01D-1115-02	15	47673709	48429708	0	-0.3667
836	TCGA-AG-3890-01A-01D-1115-02	15	48429709	48442708	0	0.3995
837	TCGA-AG-3890-01A-01D-1115-02	15	48442709	50725708	0	-0.2564
838	TCGA-AG-3890-01A-01D-1115-02	15	50725709	51330708	0	-0.1332
839	TCGA-AG-3890-01A-01D-1115-02	15	51330709	51693708	0	-0.3966
840	TCGA-AG-3890-01A-01D-1115-02	15	51693709	55808708	0	-0.255
841	TCGA-AG-3890-01A-01D-1115-02	15	55808709	57610708	0	-0.1537
842	TCGA-AG-3890-01A-01D-1115-02	15	57610709	58882708	0	-0.3315
843	TCGA-AG-3890-01A-01D-1115-02	15	58882709	60788708	0	-0.2009
844	TCGA-AG-3890-01A-01D-1115-02	15	60788709	61490708	0	-0.3723
845	TCGA-AG-3890-01A-01D-1115-02	15	61490709	66348946	0	-0.2669
846	TCGA-AG-3890-01A-01D-1115-02	15	66348947	66484946	0	-0.5606
847	TCGA-AG-3890-01A-01D-1115-02	15	66484947	67421946	0	-0.3261
848	TCGA-AG-3890-01A-01D-1115-02	15	67421947	67787946	0	-0.5676
849	TCGA-AG-3890-01A-01D-1115-02	15	67787947	68559946	0	-0.2812
850	TCGA-AG-3890-01A-01D-1115-02	15	68559947	69130946	0	-0.4269
851	TCGA-AG-3890-01A-01D-1115-02	15	69130947	69760946	0	-0.2433
852	TCGA-AG-3890-01A-01D-1115-02	15	69760947	70745946	0	-0.4737
853	TCGA-AG-3890-01A-01D-1115-02	15	70745947	73974947	0	-0.2495
854	TCGA-AG-3890-01A-01D-1115-02	15	73974948	74927947	0	-0.4628
855	TCGA-AG-3890-01A-01D-1115-02	15	74927948	75928945	0	-0.2796
856	TCGA-AG-3890-01A-01D-1115-02	15	75928946	76082945	0	-0.6375
857	TCGA-AG-3890-01A-01D-1115-02	15	76082946	77800945	0	-0.2157
858	TCGA-AG-3890-01A-01D-1115-02	15	77800946	78292945	0	-0.5859
859	TCGA-AG-3890-01A-01D-1115-02	15	78292946	81654945	0	-0.3446
860	TCGA-AG-3890-01A-01D-1115-02	15	81654946	87948996	0	-0.2727
861	TCGA-AG-3890-01A-01D-1115-02	15	87948997	89900996	0	-0.3741
862	TCGA-AG-3890-01A-01D-1115-02	15	89900997	90031996	0	-0.588
863	TCGA-AG-3890-01A-01D-1115-02	15	90031997	100496477	0	-0.3166
864	TCGA-AG-3890-01A-01D-1115-02	15	100496478	102060477	0	-0.4188
865	TCGA-AG-3890-01A-01D-1115-02	15	102060478	102521392	0	-0.2643
866	TCGA-AG-3890-01A-01D-1115-02	16	60001	560999	0	0.021
867	TCGA-AG-3890-01A-01D-1115-02	16	561000	1304999	0	-0.3221
868	TCGA-AG-3890-01A-01D-1115-02	16	1305000	1845999	0	-0.1505
869	TCGA-AG-3890-01A-01D-1115-02	16	1846000	1942999	0	0.2189
870	TCGA-AG-3890-01A-01D-1115-02	16	1943000	2350999	0	-0.2005
871	TCGA-AG-3890-01A-01D-1115-02	16	2351000	2468999	0	0.2739
872	TCGA-AG-3890-01A-01D-1115-02	16	2469000	3260999	0	-0.0449
873	TCGA-AG-3890-01A-01D-1115-02	16	3261000	4229999	0	0.1838
874	TCGA-AG-3890-01A-01D-1115-02	16	4230000	4412999	0	-0.0233
875	TCGA-AG-3890-01A-01D-1115-02	16	4413000	4442999	0	-0.501
876	TCGA-AG-3890-01A-01D-1115-02	16	4443000	14580499	0	0.1406
877	TCGA-AG-3890-01A-01D-1115-02	16	14580500	14581499	0	-0.8025
878	TCGA-AG-3890-01A-01D-1115-02	16	14581500	25885499	0	0.1877
879	TCGA-AG-3890-01A-01D-1115-02	16	25885500	29164499	0	0.1365
880	TCGA-AG-3890-01A-01D-1115-02	16	29164500	29400499	0	-0.6498
881	TCGA-AG-3890-01A-01D-1115-02	16	29400500	33869499	0	0.1496
882	TCGA-AG-3890-01A-01D-1115-02	16	33870500	33922499	0	0.4486
883	TCGA-AG-3890-01A-01D-1115-02	16	33922500	33949499	0	0.0682
884	TCGA-AG-3890-01A-01D-1115-02	16	33949500	33966499	0	-0.5114
886	TCGA-AG-3890-01A-01D-1115-02	16	34198500	35193499	0	0.1168
888	TCGA-AG-3890-01A-01D-1115-02	16	46460500	47956499	0	0.1863
889	TCGA-AG-3890-01A-01D-1115-02	16	47956500	49452499	0	0.1033
890	TCGA-AG-3890-01A-01D-1115-02	16	49452500	50010499	0	-0.101
891	TCGA-AG-3890-01A-01D-1115-02	16	50010500	50278499	0	0.2283
892	TCGA-AG-3890-01A-01D-1115-02	16	50278500	51190499	0	-0.0265
893	TCGA-AG-3890-01A-01D-1115-02	16	51190500	54062499	0	0.1379
894	TCGA-AG-3890-01A-01D-1115-02	16	54062500	58097499	0	0.0284
895	TCGA-AG-3890-01A-01D-1115-02	16	58097500	59206499	0	0.2168
896	TCGA-AG-3890-01A-01D-1115-02	16	59206500	67161499	0	0.1293
897	TCGA-AG-3890-01A-01D-1115-02	16	67161500	67330499	0	-0.121
898	TCGA-AG-3890-01A-01D-1115-02	16	67330500	68483499	0	0.0972
899	TCGA-AG-3890-01A-01D-1115-02	16	68483500	69462499	0	0.2387
900	TCGA-AG-3890-01A-01D-1115-02	16	69462500	69517499	0	-0.3339
901	TCGA-AG-3890-01A-01D-1115-02	16	69517500	70680499	0	0.2274
902	TCGA-AG-3890-01A-01D-1115-02	16	70680500	70825499	0	-0.2316
903	TCGA-AG-3890-01A-01D-1115-02	16	70825500	71420499	0	0.0372
904	TCGA-AG-3890-01A-01D-1115-02	16	71420500	72890499	0	0.1765
905	TCGA-AG-3890-01A-01D-1115-02	16	72890500	73880499	0	0.0425
906	TCGA-AG-3890-01A-01D-1115-02	16	73880500	76310499	0	0.185
907	TCGA-AG-3890-01A-01D-1115-02	16	76310500	85192499	0	0.0661
908	TCGA-AG-3890-01A-01D-1115-02	16	85192500	85702499	0	-0.2042
909	TCGA-AG-3890-01A-01D-1115-02	16	85702500	88342499	0	-0.0576
910	TCGA-AG-3890-01A-01D-1115-02	16	88342500	89286499	0	-0.2492
911	TCGA-AG-3890-01A-01D-1115-02	16	89286500	90294753	0	-0.0141
912	TCGA-AG-3890-01A-01D-1115-02	17	1001	1985250	0	-0.1133
913	TCGA-AG-3890-01A-01D-1115-02	17	1985251	2260250	0	0.0369
914	TCGA-AG-3890-01A-01D-1115-02	17	2260251	2306250	0	-0.5866
915	TCGA-AG-3890-01A-01D-1115-02	17	2306251	3396250	0	0.0277
916	TCGA-AG-3890-01A-01D-1115-02	17	3396251	3774251	0	-0.1469
917	TCGA-AG-3890-01A-01D-1115-02	17	3774252	3775251	0	-3.1128
918	TCGA-AG-3890-01A-01D-1115-02	17	3775252	3872251	0	-0.3365
919	TCGA-AG-3890-01A-01D-1115-02	17	3872252	4340251	0	0.0012
920	TCGA-AG-3890-01A-01D-1115-02	17	4340252	4520251	0	-0.3439
921	TCGA-AG-3890-01A-01D-1115-02	17	4520252	9872275	0	-0.075
922	TCGA-AG-3890-01A-01D-1115-02	17	9872276	16691275	0	-0.4913
923	TCGA-AG-3890-01A-01D-1115-02	17	16691276	18185275	0	-0.6618
924	TCGA-AG-3890-01A-01D-1115-02	17	18185276	18876275	0	-0.4592
925	TCGA-AG-3890-01A-01D-1115-02	17	18876276	19148407	0	-0.9154
926	TCGA-AG-3890-01A-01D-1115-02	17	19148408	21176407	0	-0.4997
927	TCGA-AG-3890-01A-01D-1115-02	17	21176408	21327407	0	-0.8661
928	TCGA-AG-3890-01A-01D-1115-02	17	21327408	22247873	0	-0.4824
930	TCGA-AG-3890-01A-01D-1115-02	17	25263874	25703873	0	0.0576
931	TCGA-AG-3890-01A-01D-1115-02	17	25703874	26125873	0	-0.188
932	TCGA-AG-3890-01A-01D-1115-02	17	26125874	26782873	0	0.0134
933	TCGA-AG-3890-01A-01D-1115-02	17	26782874	27085873	0	-0.1626
934	TCGA-AG-3890-01A-01D-1115-02	17	27085874	27205874	0	0.188
935	TCGA-AG-3890-01A-01D-1115-02	17	27205875	27483874	0	-0.1893
936	TCGA-AG-3890-01A-01D-1115-02	17	27483875	27892874	0	0.1439
937	TCGA-AG-3890-01A-01D-1115-02	17	27892875	27949874	0	-0.3391
938	TCGA-AG-3890-01A-01D-1115-02	17	27949875	29699874	0	0.0833
939	TCGA-AG-3890-01A-01D-1115-02	17	29699875	29917887	0	-0.2208
940	TCGA-AG-3890-01A-01D-1115-02	17	29917888	31148887	0	0.0501
941	TCGA-AG-3890-01A-01D-1115-02	17	31148888	31149887	0	-1.8199
942	TCGA-AG-3890-01A-01D-1115-02	17	31149888	32675887	0	-0.0889
943	TCGA-AG-3890-01A-01D-1115-02	17	32675888	33206887	0	-0.2497
944	TCGA-AG-3890-01A-01D-1115-02	17	33206888	33477887	0	-0.0509
945	TCGA-AG-3890-01A-01D-1115-02	17	33477888	33478887	0	-1.257
946	TCGA-AG-3890-01A-01D-1115-02	17	33478888	35002887	0	0.0112
947	TCGA-AG-3890-01A-01D-1115-02	17	35002888	35304887	0	-0.2278
948	TCGA-AG-3890-01A-01D-1115-02	17	35304888	37397474	0	-0.0052
949	TCGA-AG-3890-01A-01D-1115-02	17	37397475	37700474	0	0.2283
950	TCGA-AG-3890-01A-01D-1115-02	17	37700475	37928474	0	-0.2
951	TCGA-AG-3890-01A-01D-1115-02	17	37928475	39478474	0	-0.0122
952	TCGA-AG-3890-01A-01D-1115-02	17	39478475	40475474	0	-0.139
953	TCGA-AG-3890-01A-01D-1115-02	17	40475475	45358001	0	-0.055
954	TCGA-AG-3890-01A-01D-1115-02	17	45358002	45762001	0	0.1495
955	TCGA-AG-3890-01A-01D-1115-02	17	45762002	45823001	0	-0.3378
956	TCGA-AG-3890-01A-01D-1115-02	17	45823002	46641001	0	-0.0172
957	TCGA-AG-3890-01A-01D-1115-02	17	46641002	46730001	0	-0.3835
958	TCGA-AG-3890-01A-01D-1115-02	17	46730002	47571001	0	-0.0022
959	TCGA-AG-3890-01A-01D-1115-02	17	47571002	47657001	0	-0.2997
960	TCGA-AG-3890-01A-01D-1115-02	17	47657002	47754001	0	0.1913
961	TCGA-AG-3890-01A-01D-1115-02	17	47754002	48581001	0	-0.144
962	TCGA-AG-3890-01A-01D-1115-02	17	48581002	48749001	0	-0.3364
963	TCGA-AG-3890-01A-01D-1115-02	17	48749002	55380001	0	-0.0026
964	TCGA-AG-3890-01A-01D-1115-02	17	55380002	56480001	0	-0.1232
965	TCGA-AG-3890-01A-01D-1115-02	17	56480002	59358218	0	0.1123
966	TCGA-AG-3890-01A-01D-1115-02	17	59358219	59574218	0	-0.1871
967	TCGA-AG-3890-01A-01D-1115-02	17	59574219	60715268	0	0.1638
968	TCGA-AG-3890-01A-01D-1115-02	17	60715269	60806268	0	-0.2138
969	TCGA-AG-3890-01A-01D-1115-02	17	60806269	61512268	0	0.0701
970	TCGA-AG-3890-01A-01D-1115-02	17	61512269	61618268	0	-0.3736
971	TCGA-AG-3890-01A-01D-1115-02	17	61618269	64699538	0	0.0042
972	TCGA-AG-3890-01A-01D-1115-02	17	64699539	65060538	0	-0.1616
973	TCGA-AG-3890-01A-01D-1115-02	17	65060539	69971405	0	0.0305
974	TCGA-AG-3890-01A-01D-1115-02	17	69971406	69973405	0	-1.4801
975	TCGA-AG-3890-01A-01D-1115-02	17	69973406	71484405	0	-0.0731
976	TCGA-AG-3890-01A-01D-1115-02	17	71484406	73052405	0	-0.1808
977	TCGA-AG-3890-01A-01D-1115-02	17	73052406	73465405	0	0.0438
978	TCGA-AG-3890-01A-01D-1115-02	17	73465406	77084405	0	-0.1315
979	TCGA-AG-3890-01A-01D-1115-02	17	77084406	77931405	0	-0.3478
980	TCGA-AG-3890-01A-01D-1115-02	17	77931406	78802405	0	-0.1643
981	TCGA-AG-3890-01A-01D-1115-02	17	78802406	79438405	0	-0.391
982	TCGA-AG-3890-01A-01D-1115-02	17	79438406	79864708	0	-0.1974
983	TCGA-AG-3890-01A-01D-1115-02	17	79864709	80064711	0	-0.5431
984	TCGA-AG-3890-01A-01D-1115-02	17	80064712	81060000	0	-0.1662
985	TCGA-AG-3890-01A-01D-1115-02	18	10001	107000	0	-0.5101
986	TCGA-AG-3890-01A-01D-1115-02	18	107001	110000	0	0.0478
987	TCGA-AG-3890-01A-01D-1115-02	18	110001	5627000	0	-0.338
988	TCGA-AG-3890-01A-01D-1115-02	18	5627001	9180000	0	-0.4137
989	TCGA-AG-3890-01A-01D-1115-02	18	9180001	9493000	0	-0.2339
990	TCGA-AG-3890-01A-01D-1115-02	18	9493001	15083000	0	-0.4202
991	TCGA-AG-3890-01A-01D-1115-02	18	15083001	15359000	0	-0.2145
993	TCGA-AG-3890-01A-01D-1115-02	18	18516003	18523002	0	0.5563
994	TCGA-AG-3890-01A-01D-1115-02	18	18523003	22046002	0	-0.3127
995	TCGA-AG-3890-01A-01D-1115-02	18	22046003	23454002	0	-1.6978
996	TCGA-AG-3890-01A-01D-1115-02	18	23454003	23776002	0	-1.5093
997	TCGA-AG-3890-01A-01D-1115-02	18	23776003	34792002	0	-0.3823
998	TCGA-AG-3890-01A-01D-1115-02	18	34792003	35153002	0	-0.7291
999	TCGA-AG-3890-01A-01D-1115-02	18	35153003	35456002	0	-0.5439
1000	TCGA-AG-3890-01A-01D-1115-02	18	35456003	43871002	0	-0.4092
1001	TCGA-AG-3890-01A-01D-1115-02	18	43871003	46050002	0	-0.4905
1002	TCGA-AG-3890-01A-01D-1115-02	18	46050003	46507002	0	-0.6231
1003	TCGA-AG-3890-01A-01D-1115-02	18	46507003	48822002	0	-0.4049
1004	TCGA-AG-3890-01A-01D-1115-02	18	48822003	48911002	0	-0.8373
1005	TCGA-AG-3890-01A-01D-1115-02	18	48911003	72734012	0	-0.4036
1006	TCGA-AG-3890-01A-01D-1115-02	18	72734013	76830012	0	-0.5164
1007	TCGA-AG-3890-01A-01D-1115-02	18	76830013	77067012	0	-0.3514
1008	TCGA-AG-3890-01A-01D-1115-02	18	77067013	78016181	0	-0.6255
1009	TCGA-AG-3890-01A-01D-1115-02	19	60001	2358000	0	-0.3121
1010	TCGA-AG-3890-01A-01D-1115-02	19	2358001	5029000	0	-0.1338
1011	TCGA-AG-3890-01A-01D-1115-02	19	5029001	5154000	0	-0.5001
1012	TCGA-AG-3890-01A-01D-1115-02	19	5154001	24380160	0	-0.0404
1013	TCGA-AG-3890-01A-01D-1115-02	19	24380161	24605160	0	0.3012
1015	TCGA-AG-3890-01A-01D-1115-02	19	27736161	27790160	0	0.6656
1016	TCGA-AG-3890-01A-01D-1115-02	19	27790161	28118160	0	0.469
1017	TCGA-AG-3890-01A-01D-1115-02	19	28118161	30337160	0	-0.1101
1018	TCGA-AG-3890-01A-01D-1115-02	19	30337161	30541160	0	0.0895
1019	TCGA-AG-3890-01A-01D-1115-02	19	30541161	32127160	0	-0.1738
1020	TCGA-AG-3890-01A-01D-1115-02	19	32127161	33878160	0	-0.0319
1021	TCGA-AG-3890-01A-01D-1115-02	19	33878161	33908160	0	-0.6833
1022	TCGA-AG-3890-01A-01D-1115-02	19	33908161	34316160	0	-0.1837
1023	TCGA-AG-3890-01A-01D-1115-02	19	34316161	34933160	0	0.1096
1024	TCGA-AG-3890-01A-01D-1115-02	19	34933161	55738188	0	-0.0356
1025	TCGA-AG-3890-01A-01D-1115-02	19	55738189	56231188	0	-0.2342
1026	TCGA-AG-3890-01A-01D-1115-02	19	56231189	56543188	0	0.1024
1027	TCGA-AG-3890-01A-01D-1115-02	19	56543189	59114839	0	-0.0759
1028	TCGA-AG-3890-01A-01D-1115-02	20	60001	306000	0	0.8231
1029	TCGA-AG-3890-01A-01D-1115-02	20	306001	1808000	0	0.6316
1030	TCGA-AG-3890-01A-01D-1115-02	20	1808001	1921000	0	0.3654
1031	TCGA-AG-3890-01A-01D-1115-02	20	1921001	3617000	0	0.6499
1032	TCGA-AG-3890-01A-01D-1115-02	20	3617001	3796000	0	0.4233
1033	TCGA-AG-3890-01A-01D-1115-02	20	3796001	7342000	0	0.6974
1034	TCGA-AG-3890-01A-01D-1115-02	20	7342001	13661000	0	0.6548
1035	TCGA-AG-3890-01A-01D-1115-02	20	13661001	14477000	0	0.7726
1036	TCGA-AG-3890-01A-01D-1115-02	20	14477001	17595000	0	0.6467
1037	TCGA-AG-3890-01A-01D-1115-02	20	17595001	17642000	0	0.1944
1038	TCGA-AG-3890-01A-01D-1115-02	20	17642001	21583000	0	0.6344
1039	TCGA-AG-3890-01A-01D-1115-02	20	21583001	22296000	0	0.2691
1040	TCGA-AG-3890-01A-01D-1115-02	20	22296001	22618000	0	0.6011
1041	TCGA-AG-3890-01A-01D-1115-02	20	22618001	22619000	0	-1.2227
1042	TCGA-AG-3890-01A-01D-1115-02	20	22619001	25279000	0	0.5029
1043	TCGA-AG-3890-01A-01D-1115-02	20	25279001	25737000	0	0.6756
1044	TCGA-AG-3890-01A-01D-1115-02	20	25737001	25848000	0	0.1891
1045	TCGA-AG-3890-01A-01D-1115-02	20	25848001	26188000	0	0.596
1046	TCGA-AG-3890-01A-01D-1115-02	20	26188001	26191000	0	-1.1285
1047	TCGA-AG-3890-01A-01D-1115-02	20	26191001	26216000	0	0.3284
1049	TCGA-AG-3890-01A-01D-1115-02	20	29446340	29582339	0	0.555
1051	TCGA-AG-3890-01A-01D-1115-02	20	29804340	30994339	0	0.76
1052	TCGA-AG-3890-01A-01D-1115-02	20	30994340	31928339	0	0.5909
1053	TCGA-AG-3890-01A-01D-1115-02	20	31928340	35835586	0	0.7842
1054	TCGA-AG-3890-01A-01D-1115-02	20	35835587	41877586	0	0.6705
1055	TCGA-AG-3890-01A-01D-1115-02	20	41877587	44517593	0	0.7633
1056	TCGA-AG-3890-01A-01D-1115-02	20	44517594	44988593	0	0.5222
1057	TCGA-AG-3890-01A-01D-1115-02	20	44988594	45958593	0	0.6635
1058	TCGA-AG-3890-01A-01D-1115-02	20	45958594	46285593	0	0.8657
1059	TCGA-AG-3890-01A-01D-1115-02	20	46285594	47388593	0	0.5772
1060	TCGA-AG-3890-01A-01D-1115-02	20	47388594	49574593	0	0.7391
1061	TCGA-AG-3890-01A-01D-1115-02	20	49574594	50453593	0	0.6095
1062	TCGA-AG-3890-01A-01D-1115-02	20	50453594	55197593	0	0.7236
1063	TCGA-AG-3890-01A-01D-1115-02	20	55197594	58411605	0	0.5832
1064	TCGA-AG-3890-01A-01D-1115-02	20	58411606	58567605	0	0.8122
1065	TCGA-AG-3890-01A-01D-1115-02	20	58567606	59546605	0	0.6194
1066	TCGA-AG-3890-01A-01D-1115-02	20	59546606	60671605	0	0.43
1067	TCGA-AG-3890-01A-01D-1115-02	20	60671606	62152556	0	-0.0013
1068	TCGA-AG-3890-01A-01D-1115-02	20	62152557	62965520	0	0.1361
1069	TCGA-AG-3890-01A-01D-1115-02	21	10697896	10725129	0	0.2858
1070	TCGA-AG-3890-01A-01D-1115-02	21	10725130	10818129	0	0.03
1071	TCGA-AG-3890-01A-01D-1115-02	21	10818130	10820129	0	0.7822
1072	TCGA-AG-3890-01A-01D-1115-02	21	10820130	10859129	0	0.1165
1073	TCGA-AG-3890-01A-01D-1115-02	21	10859130	11025129	0	-0.3787
1074	TCGA-AG-3890-01A-01D-1115-02	21	11025130	11186129	0	-0.1244
1075	TCGA-AG-3890-01A-01D-1115-02	21	11186130	11187129	0	-1.5386
1077	TCGA-AG-3890-01A-01D-1115-02	21	14381130	14616129	0	-0.3982
1078	TCGA-AG-3890-01A-01D-1115-02	21	14616130	26844129	0	-0.7479
1079	TCGA-AG-3890-01A-01D-1115-02	21	26844130	26919129	0	-1.6545
1080	TCGA-AG-3890-01A-01D-1115-02	21	26919130	34866130	0	-0.7597
1081	TCGA-AG-3890-01A-01D-1115-02	21	34866131	35110130	0	0.1442
1082	TCGA-AG-3890-01A-01D-1115-02	21	35110131	42921130	0	-0.8075
1083	TCGA-AG-3890-01A-01D-1115-02	21	42921131	44626931	0	-0.9442
1084	TCGA-AG-3890-01A-01D-1115-02	21	44626932	44960572	0	-1.1296
1085	TCGA-AG-3890-01A-01D-1115-02	21	44960573	45131572	0	-0.6716
1086	TCGA-AG-3890-01A-01D-1115-02	21	45131573	46665572	0	-0.979
1087	TCGA-AG-3890-01A-01D-1115-02	21	46665573	47064572	0	-1.1359
1088	TCGA-AG-3890-01A-01D-1115-02	21	47064573	48119895	0	-0.9078
1089	TCGA-AG-3890-01A-01D-1115-02	22	16050001	16696000	0	-0.1446
1091	TCGA-AG-3890-01A-01D-1115-02	22	16862001	18718000	0	0.0027
1092	TCGA-AG-3890-01A-01D-1115-02	22	18718001	18721000	0	-1.6292
1093	TCGA-AG-3890-01A-01D-1115-02	22	18721001	18879000	0	-0.1109
1094	TCGA-AG-3890-01A-01D-1115-02	22	18879001	18880000	0	-1.4901
1095	TCGA-AG-3890-01A-01D-1115-02	22	18880001	18953000	0	-0.5881
1096	TCGA-AG-3890-01A-01D-1115-02	22	18953001	19687000	0	-0.0862
1097	TCGA-AG-3890-01A-01D-1115-02	22	19687001	20184000	0	-0.3286
1098	TCGA-AG-3890-01A-01D-1115-02	22	20184001	20269000	0	-0.6071
1099	TCGA-AG-3890-01A-01D-1115-02	22	20269001	22113000	0	-0.1351
1100	TCGA-AG-3890-01A-01D-1115-02	22	22113001	22263000	0	0.1747
1101	TCGA-AG-3890-01A-01D-1115-02	22	22263001	23990000	0	-0.1569
1102	TCGA-AG-3890-01A-01D-1115-02	22	23990001	24345000	0	-0.4737
1103	TCGA-AG-3890-01A-01D-1115-02	22	24345001	28913000	0	-0.0785
1104	TCGA-AG-3890-01A-01D-1115-02	22	28913001	29177000	0	0.2133
1105	TCGA-AG-3890-01A-01D-1115-02	22	29177001	29178000	0	-1.6623
1106	TCGA-AG-3890-01A-01D-1115-02	22	29178001	30602000	0	-0.0214
1107	TCGA-AG-3890-01A-01D-1115-02	22	30602001	31538000	0	-0.132
1108	TCGA-AG-3890-01A-01D-1115-02	22	31538001	33195000	0	0.0227
1109	TCGA-AG-3890-01A-01D-1115-02	22	33195001	33261000	0	-0.3017
1110	TCGA-AG-3890-01A-01D-1115-02	22	33261001	36538054	0	-0.036
1111	TCGA-AG-3890-01A-01D-1115-02	22	36538055	38873054	0	-0.1634
1112	TCGA-AG-3890-01A-01D-1115-02	22	38873055	39052054	0	0.1396
1113	TCGA-AG-3890-01A-01D-1115-02	22	39052055	40013054	0	-0.1673
1114	TCGA-AG-3890-01A-01D-1115-02	22	40013055	40108054	0	-0.5845
1115	TCGA-AG-3890-01A-01D-1115-02	22	40108055	42674056	0	-0.002
1116	TCGA-AG-3890-01A-01D-1115-02	22	42674057	42781056	0	-0.4307
1117	TCGA-AG-3890-01A-01D-1115-02	22	42781057	43525056	0	-0.0687
1118	TCGA-AG-3890-01A-01D-1115-02	22	43525057	43882056	0	-0.2771
1119	TCGA-AG-3890-01A-01D-1115-02	22	43882057	44220667	0	-0.0413
1120	TCGA-AG-3890-01A-01D-1115-02	22	44220668	45650336	0	-0.2048
1121	TCGA-AG-3890-01A-01D-1115-02	22	45650337	46272336	0	-0.044
1122	TCGA-AG-3890-01A-01D-1115-02	22	46272337	46552336	0	-0.388
1123	TCGA-AG-3890-01A-01D-1115-02	22	46552337	48155336	0	-0.1729
1124	TCGA-AG-3890-01A-01D-1115-02	22	48155337	50682873	0	-0.2646
1125	TCGA-AG-3890-01A-01D-1115-02	22	50682874	50752428	0	-0.6539
1126	TCGA-AG-3890-01A-01D-1115-02	22	50752429	51244566	0	-0.1492
1127	TCGA-AG-3890-01A-01D-1115-02	X	170001	16591079	0	0.351
1128	TCGA-AG-3890-01A-01D-1115-02	X	16591080	16592079	0	-1.6858
1129	TCGA-AG-3890-01A-01D-1115-02	X	16592080	39071056	0	0.3832
1130	TCGA-AG-3890-01A-01D-1115-02	X	39071057	40231056	0	0.2288
1131	TCGA-AG-3890-01A-01D-1115-02	X	40231057	47476056	0	0.4368
1132	TCGA-AG-3890-01A-01D-1115-02	X	47476057	53800275	0	0.3762
1133	TCGA-AG-3890-01A-01D-1115-02	X	53800276	58276275	0	0.4626
1134	TCGA-AG-3890-01A-01D-1115-02	X	58276276	58356275	0	0.0645
1136	TCGA-AG-3890-01A-01D-1115-02	X	62008276	67869275	0	0.4101
1137	TCGA-AG-3890-01A-01D-1115-02	X	67869276	68640275	0	0.2184
1138	TCGA-AG-3890-01A-01D-1115-02	X	68640276	83488344	0	0.4333
1139	TCGA-AG-3890-01A-01D-1115-02	X	83488345	108296344	0	0.3839
1140	TCGA-AG-3890-01A-01D-1115-02	X	108296345	108298344	0	-0.9384
1141	TCGA-AG-3890-01A-01D-1115-02	X	108299345	112055344	0	0.3326
1142	TCGA-AG-3890-01A-01D-1115-02	X	112055345	122185319	0	0.3978
1143	TCGA-AG-3890-01A-01D-1115-02	X	122185320	122186319	0	-2.3488
1144	TCGA-AG-3890-01A-01D-1115-02	X	122186320	136517334	0	0.3732
1145	TCGA-AG-3890-01A-01D-1115-02	X	136517335	136522334	0	-0.7564
1146	TCGA-AG-3890-01A-01D-1115-02	X	136522335	152649806	0	0.3335
1147	TCGA-AG-3890-01A-01D-1115-02	X	152649807	153298806	0	0.0314
1148	TCGA-AG-3890-01A-01D-1115-02	X	153298807	155260560	0	0.3888
1149	TCGA-AG-3890-01A-01D-1115-02	Y	23001	2652000	0	-0.1743
1150	TCGA-AG-3890-01A-01D-1115-02	Y	2652001	6409000	0	-1.6097
1151	TCGA-AG-3890-01A-01D-1115-02	Y	6409001	9908000	0	-1.7875
1152	TCGA-AG-3890-01A-01D-1115-02	Y	9908001	10000000	0	-0.1366
1153	TCGA-AG-3890-01A-01D-1115-02	Y	10000001	10040000	0	-0.5419
1156	TCGA-AG-3890-01A-01D-1115-02	Y	13196001	13256000	0	-1.5886
1157	TCGA-AG-3890-01A-01D-1115-02	Y	13256001	13304000	0	-0.5842
1158	TCGA-AG-3890-01A-01D-1115-02	Y	13304001	13400000	0	-1.2142
1159	TCGA-AG-3890-01A-01D-1115-02	Y	13400001	13453000	0	-0.1327
1160	TCGA-AG-3890-01A-01D-1115-02	Y	13453001	13460000	0	0.636
1161	TCGA-AG-3890-01A-01D-1115-02	Y	13460001	13486000	0	-0.1314
1162	TCGA-AG-3890-01A-01D-1115-02	Y	13486001	13491000	0	-0.5372
1163	TCGA-AG-3890-01A-01D-1115-02	Y	13491001	13640000	0	-1.2607
1164	TCGA-AG-3890-01A-01D-1115-02	Y	13640001	13687000	0	0.1252
1165	TCGA-AG-3890-01A-01D-1115-02	Y	13687001	13702000	0	-0.9414
1166	TCGA-AG-3890-01A-01D-1115-02	Y	13702001	13712000	0	0.2391
1168	TCGA-AG-3890-01A-01D-1115-02	Y	13801001	13870000	0	0.2895
1169	TCGA-AG-3890-01A-01D-1115-02	Y	13870001	21152612	0	-1.7097
1170	TCGA-AG-3890-01A-01D-1115-02	Y	21152613	21154612	0	0.302
1171	TCGA-AG-3890-01A-01D-1115-02	Y	21154613	28783612	0	-1.6769
1172	TCGA-AG-3890-01A-01D-1115-02	Y	28783613	28805612	0	-0.1645
